Sample Name,i7 Sequence,i5 Sequence-FWD
Space_ITS2_1-Space_16S_1,GTGTCTCT,CCAACGTA
Space_ITS2_8-Space_16S_9,TAGGAACG,CCAACGTA
Space_ITS2_16-Space_16S_16,ATCCTAGG,CCAACGTA
Space_ITS2_24-Space_16S_24,ATAAGCGG,CCAACGTA
Space_ITS2_32-Space_16S_31,AGGTCTAC,CCAACGTA
Space_ITS2_40-Space_16S_39,TCTGACTC,CCAACGTA
Space_ITS2_48-Space_16S_47,AACCGGAA,CCAACGTA
Space_ITS2_56-Space_16S_54,CGTTGGTA,CCAACGTA
Space_ITS2_64-Space_16S_62,AGCTTGGT,CCAACGTA
Space_ITS2_72-Space_16S_70,ACTCTCAC,CCAACGTA
Space_ITS2_80-Space_16S_77,GAACGTTC,CCAACGTA
Space_ITS2_88-Space_16S_85,TCGTAGGT,CCAACGTA
Space_ITS2_2-Space_16S_2,AGCAAGGT,GTGAAGTG
Space_ITS2_9-Space_16S_10,GTCACACA,GTGAAGTG
Space_ITS2_17-Space_16S_17,CTCTCACA,GTGAAGTG
Space_ITS2_25-Space_16S_25,GTTGCTTC,GTGAAGTG
Space_ITS2_33-Space_16S_32,CAGTGAGA,GTGAAGTG
Space_ITS2_41-Space_16S_40,GACTACAC,GTGAAGTG
Space_ITS2_49-Space_16S_48,CCATGCAA,GTGAAGTG
Space_ITS2_65-Space_16S_63,CGTTCCTA,GTGAAGTG
Space_ITS2_73-Space_16S_71,CCTAGCAA,GTGAAGTG
Space_ITS2_81-Space_16S_78,TGGAAGGT,GTGAAGTG
Space_ITS2_89-Space_16S_86,TAGCTACG,GTGAAGTG
Space_ITS2_3-Space_16S_3,GGTAGCAA,TTGCTTGC
Space_ITS2_10-Space_16S_8,GTCTACTC,TTGCTTGC
Space_ITS2_18-Space_16S_18,CTACCAAG,TTGCTTGC
Space_ITS2_26-Space_16S_26,AGGTACGA,TTGCTTGC
Space_ITS2_34-Space_16S_33,GCAACGTT,TTGCTTGC
Space_ITS2_42-Space_16S_41,TGTGCTCT,TTGCTTGC
Space_ITS2_50-Space_16S_49,GAACCAAG,TTGCTTGC
Space_ITS2_58-Space_16S_56,TCAGTGTG,TTGCTTGC
Space_ITS2_66-Space_16S_64,TCCTTGCA,TTGCTTGC
Space_ITS2_74-Space_16S_72,CATCTGCT,TTGCTTGC
Space_ITS2_82-Space_16S_79,ATCCTTCG,TTGCTTGC
Space_ITS2_90-Space_16S_87,GTACGAAG,TTGCTTGC
Space_ITS2_4-Space_16S_4,AGGTGATG,GATCTCCT
Space_ITS2_11-Space_16S_11,CTAGGTTG,GATCTCCT
Space_ITS2_19-Space_16S_19,GTACTGGT,GATCTCCT
Space_ITS2_27-Space_16S_27,TCTCTCTC,GATCTCCT
Space_ITS2_35-Space_16S_34,TGGTTCCT,GATCTCCT
Space_ITS2_43-Space_16S_42,GTGTTGTG,GATCTCCT
Space_ITS2_51-Space_16S_50,AGTGTGTC,GATCTCCT
Space_ITS2_59-Space_16S_57,TCACCTCA,GATCTCCT
Space_ITS2_67-Space_16S_65,GCATATGC,GATCTCCT
Space_ITS2_75-Space_16S_73,TACCGGAT,GATCTCCT
Space_ITS2_83-Space_16S_80,CAAGAGGT,GATCTCCT
Space_ITS2_91-Space_16S_88,AACCATCG,GATCTCCT
Space_ITS2_5-Space_16S_5,CTGTACTC,CTGATCAG
Space_ITS2_12-Space_16S_12,CGAACGAA,CTGATCAG
Space_ITS2_20-Space_16S_20,TGCACATG,CTGATCAG
Space_ITS2_28-Space_16S_28,TGTCGACA,CTGATCAG
Space_ITS2_36-Space_16S_35,ATGCAACC,CTGATCAG
Space_ITS2_44-Space_16S_43,ATGGATCC,CTGATCAG
Space_ITS2_52-Space_16S_51,TGGAGAAC,CTGATCAG
Space_ITS2_60-Space_16S_58,GAGTTCAC,CTGATCAG
Space_ITS2_84-Space_16S_81,GAGATCAG,CTGATCAG
Space_ITS2_92-Space_16S_89,ACAGCAGA,CTGATCAG
Space_ITS2_6-Space_16S_6,GCATGGAA,GAGAACAC
Space_ITS2_13-Space_16S_13,CTTGCTTG,GAGAACAC
Space_ITS2_21-Space_16S_21,CACAGTCA,GAGAACAC
Space_ITS2_29-Space_16S_29,TGCTGTAG,GAGAACAC
Space_ITS2_37-Space_16S_36,CTAGCAAC,GAGAACAC
Space_ITS2_45-Space_16S_44,TCACTCAC,GAGAACAC
Space_ITS2_53-Space_16S_52,TAGGATGG,GAGAACAC
Space_ITS2_61-Space_16S_59,TCGAGTAC,GAGAACAC
Space_ITS2_69-Space_16S_67,GTGATCTG,GAGAACAC
Space_ITS2_77-Space_16S_75,TCCTACGT,GAGAACAC
Space_ITS2_93-Space_16S_90,TACCGCTT,GAGAACAC
Space_ITS2_7-Space_16S_7,CGTTCGTT,CGAAGGAT
Space_ITS2_14-Space_16S_14,GGAACGAT,CGAAGGAT
Space_ITS2_22-Space_16S_22,CTAGGTAC,CGAAGGAT
Space_ITS2_30-Space_16S_30,AGAGACAC,CGAAGGAT
Space_ITS2_38-Space_16S_37,GACATCTG,CGAAGGAT
Space_ITS2_46-Space_16S_45,TCTCAGTC,CGAAGGAT
Space_ITS2_54-Space_16S_53,TTCCGGAA,CGAAGGAT
Space_ITS2_70-Space_16S_68,TTCCGCTA,CGAAGGAT
Space_ITS2_78-Space_16S_76,TCACAGAC,CGAAGGAT
Space_ITS2_86-Space_16S_83,ACCTCTAC,CGAAGGAT
Space_ITS2_94-Space_16S_91,GAGTAGAC,CGAAGGAT
Space_ITS2_15-Space_16S_15,GACAGAGT,TCCAGAAC
Space_ITS2_23-Space_16S_23,GGTTGGTT,TCCAGAAC
Space_ITS2_31,GCATCCTT,TCCAGAAC
Space_ITS2_39-Space_16S_38,CAACTCCT,TCCAGAAC
Space_ITS2_47-Space_16S_46,GTGACAGA,TCCAGAAC
Space_ITS2_55,ATTAGGCC,TCCAGAAC
Space_ITS2_63-Space_16S_61,CAAGGTAG,TCCAGAAC
Space_ITS2_71-Space_16S_69,AATTGCCG,TCCAGAAC
Space_ITS2_79,TGGAGATG,TCCAGAAC
Space_ITS2_87-Space_16S_84,ATGGCGTT,TCCAGAAC
Space_ITS2_101-Space_16S_100,TAGGAACG,CATCTGGA
Space_ITS2_109-Space_16S_108,ATCCTAGG,CATCTGGA
Space_ITS2_117-Space_16S_116,ATAAGCGG,CATCTGGA
Space_ITS2_125-Space_16S_123,AGGTCTAC,CATCTGGA
Space_ITS2_133-Space_16S_131,TCTGACTC,CATCTGGA
Space_ITS2_141-Space_16S_139,AACCGGAA,CATCTGGA
Space_ITS2_149-Space_16S_146,CGTTGGTA,CATCTGGA
Space_ITS2_157-Space_16S_154,AGCTTGGT,CATCTGGA
Space_ITS2_165-Space_16S_162,ACTCTCAC,CATCTGGA
Space_ITS2_102-Space_16S_101,GTCACACA,GTCTGTGA
Space_ITS2_110-Space_16S_109,CTCTCACA,GTCTGTGA
Space_ITS2_118-Space_16S_117,GTTGCTTC,GTCTGTGA
Space_ITS2_126-Space_16S_124,CAGTGAGA,GTCTGTGA
Space_ITS2_134-Space_16S_132,GACTACAC,GTCTGTGA
Space_ITS2_142-Space_16S_140,CCATGCAA,GTCTGTGA
Space_ITS2_150-Space_16S_147,TTCCTACG,GTCTGTGA
Space_ITS2_158-Space_16S_155,CGTTCCTA,GTCTGTGA
Space_ITS2_166-Space_16S_163,CCTAGCAA,GTCTGTGA
Space_ITS2_95-Space_16S_95,GGTAGCAA,TACCGCAA
Space_ITS2_103-Space_16S_102,GTCTACTC,TACCGCAA
Space_ITS2_111-Space_16S_110,CTACCAAG,TACCGCAA
Space_ITS2_119-Space_16S_118,AGGTACGA,TACCGCAA
Space_ITS2_127-Space_16S_125,GCAACGTT,TACCGCAA
Space_ITS2_135-Space_16S_133,TGTGCTCT,TACCGCAA
Space_ITS2_143-Space_16S_141,GAACCAAG,TACCGCAA
Space_ITS2_151-Space_16S_148,TCAGTGTG,TACCGCAA
Space_ITS2_159-Space_16S_156,TCCTTGCA,TACCGCAA
Space_ITS2_167-Space_16S_164,CATCTGCT,TACCGCAA
Space_ITS2_96-Space_16S_96,AGGTGATG,GGATAAGC
Space_ITS2_104-Space_16S_103,CTAGGTTG,GGATAAGC
Space_ITS2_112-Space_16S_111,GTACTGGT,GGATAAGC
Space_ITS2_120-Space_16S_119,TCTCTCTC,GGATAAGC
Space_ITS2_128-Space_16S_126,TGGTTCCT,GGATAAGC
Space_ITS2_136-Space_16S_134,GTGTTGTG,GGATAAGC
Space_ITS2_144-Space_16S_142,AGTGTGTC,GGATAAGC
Space_ITS2_152-Space_16S_149,TCACCTCA,GGATAAGC
Space_ITS2_160-Space_16S_157,GCATATGC,GGATAAGC
Space_ITS2_~-Space_16S_165,TACCGGAT,GGATAAGC
Space_ITS2_57,CAAGAGGT,GGATAAGC
Space_ITS2_97-Space_16S_97,CTGTACTC,CTCTGTCA
Space_ITS2_105-Space_16S_104,CGAACGAA,CTCTGTCA
Space_ITS2_113-Space_16S_112,TGCACATG,CTCTGTCA
Space_ITS2_121-Space_16S_120,TGTCGACA,CTCTGTCA
Space_ITS2_129-Space_16S_127,ATGCAACC,CTCTGTCA
Space_ITS2_137-Space_16S_135,ATGGATCC,CTCTGTCA
Space_ITS2_145-Space_16S_143,TGGAGAAC,CTCTGTCA
Space_ITS2_153-Space_16S_150,GAGTTCAC,CTCTGTCA
Space_ITS2_161-Space_16S_158,AGCAGAAC,CTCTGTCA
Space_ITS2_62,GAGATCAG,CTCTGTCA
Space_ITS2_98-Space_16S_98,GCATGGAA,TCACACTC
Space_ITS2_106-Space_16S_105,CTTGCTTG,TCACACTC
Space_ITS2_114-Space_16S_113,CACAGTCA,TCACACTC
Space_ITS2_122-Space_16S_121,TGCTGTAG,TCACACTC
Space_ITS2_130-Space_16S_128,CTAGCAAC,TCACACTC
Space_ITS2_138-Space_16S_136,TCACTCAC,TCACACTC
Space_ITS2_146-Space_16S_144,TAGGATGG,TCACACTC
Space_ITS2_154-Space_16S_151,TCGAGTAC,TCACACTC
Space_ITS2_162-Space_16S_159,GTGATCTG,TCACACTC
Space_ITS2_68,GCATGCTA,TCACACTC
Space_ITS2_99-Space_16S_99,CGTTCGTT,GTTCGTAG
Space_ITS2_107-Space_16S_106,GGAACGAT,GTTCGTAG
Space_ITS2_115-Space_16S_114,CTAGGTAC,GTTCGTAG
Space_ITS2_123-Space_16S_122,AGAGACAC,GTTCGTAG
Space_ITS2_131-Space_16S_129,GACATCTG,GTTCGTAG
Space_ITS2_139-Space_16S_137,TCTCAGTC,GTTCGTAG
Space_ITS2_147-Space_16S_145,TTCCGGAA,GTTCGTAG
Space_ITS2_155-Space_16S_152,TCCACAAG,GTTCGTAG
Space_ITS2_163-Space_16S_160,TTCCGCTA,GTTCGTAG
Space_ITS2_76,ACCTCTAC,GTTCGTAG
Space_ITS2_100,GTTGGTAC,AGCAGTAG
Space_ITS2_108-Space_16S_107,GACAGAGT,AGCAGTAG
Space_ITS2_116-Space_16S_115,GGTTGGTT,AGCAGTAG
Space_ITS2_124,GCATCCTT,AGCAGTAG
Space_ITS2_132-Space_16S_130,CAACTCCT,AGCAGTAG
Space_ITS2_140-Space_16S_138,GTGACAGA,AGCAGTAG
Space_ITS2_148,ATTAGGCC,AGCAGTAG
Space_ITS2_156-Space_16S_153,CAAGGTAG,AGCAGTAG
Space_ITS2_164-Space_16S_161,AATTGCCG,AGCAGTAG
Space_ITS2_85,ATGGCGTT,AGCAGTAG
EDGE_ITS2_1-EDGE_16S_1,GTGTCTCT,GTGTAGTC
EDGE_ITS2_9-EDGE_16S_9,TAGGAACG,GTGTAGTC
EDGE_ITS2_17-EDGE_16S_17,ATCCTAGG,GTGTAGTC
EDGE_ITS2_25-EDGE_16S_25,ATAAGCGG,GTGTAGTC
EDGE_ITS2_33-EDGE_16S_33,AGGTCTAC,GTGTAGTC
EDGE_ITS2_41-EDGE_16S_41,TCTGACTC,GTGTAGTC
EDGE_ITS2_49-EDGE_16S_49,AACCGGAA,GTGTAGTC
EDGE_ITS2_57-EDGE_16S_57,CGTTGGTA,GTGTAGTC
EDGE_ITS2_64-EDGE_16S_64,AGCTTGGT,GTGTAGTC
EDGE_ITS2_73-EDGE_16S_73,ACTCTCAC,GTGTAGTC
EDGE_ITS2_81-EDGE_16S_81,GAACGTTC,GTGTAGTC
EDGE_ITS2_89-EDGE_16S_89,TCGTAGGT,GTGTAGTC
EDGE_ITS2_2-EDGE_16S_2,AGCAAGGT,GTGAGACA
EDGE_ITS2_10-EDGE_16S_10,GTCACACA,GTGAGACA
EDGE_ITS2_18-EDGE_16S_18,CTCTCACA,GTGAGACA
EDGE_ITS2_26-EDGE_16S_26,GTTGCTTC,GTGAGACA
EDGE_ITS2_34-EDGE_16S_34,CAGTGAGA,GTGAGACA
EDGE_ITS2_42-EDGE_16S_42,GACTACAC,GTGAGACA
EDGE_ITS2_50-EDGE_16S_50,CCATGCAA,GTGAGACA
EDGE_ITS2_58-EDGE_16S_58,TTCCTACG,GTGAGACA
EDGE_ITS2_65-EDGE_16S_65,CGTTCCTA,GTGAGACA
EDGE_ITS2_74-EDGE_16S_74,CCTAGCAA,GTGAGACA
EDGE_ITS2_82-EDGE_16S_82,TGGAAGGT,GTGAGACA
EDGE_ITS2_90-EDGE_16S_90,TAGCTACG,GTGAGACA
EDGE_ITS2_3-EDGE_16S_3-Vicki_AMF_12,GGTAGCAA,TTCCTTCC
EDGE_ITS2_11-EDGE_16S_11-Vicki_AMF_13,GTCTACTC,TTCCTTCC
EDGE_ITS2_19-EDGE_16S_19-Vicki_AMF_15,CTACCAAG,TTCCTTCC
EDGE_ITS2_27-EDGE_16S_27-Vicki_AMF_58,AGGTACGA,TTCCTTCC
EDGE_ITS2_35-EDGE_16S_35-Vicki_AMF_24,GCAACGTT,TTCCTTCC
EDGE_ITS2_43-EDGE_16S_43-Vicki_AMF_62,TGTGCTCT,TTCCTTCC
EDGE_ITS2_51-EDGE_16S_51-Vicki_AMF_50,GAACCAAG,TTCCTTCC
EDGE_ITS2_59-EDGE_16S_59-Vicki_AMF_57,TCAGTGTG,TTCCTTCC
EDGE_ITS2_66-EDGE_16S_66-Vicki_AMF_25,TCCTTGCA,TTCCTTCC
EDGE_ITS2_75-EDGE_16S_75,CATCTGCT,TTCCTTCC
EDGE_ITS2_83-EDGE_16S_83,ATCCTTCG,TTCCTTCC
EDGE_ITS2_91-EDGE_16S_91-Vicki_AMF_26,GTACGAAG,TTCCTTCC
EDGE_ITS2_4-EDGE_16S_4,AGGTGATG,AAGCGCAA
EDGE_ITS2_12-EDGE_16S_12,CTAGGTTG,AAGCGCAA
EDGE_ITS2_20-EDGE_16S_20,GTACTGGT,AAGCGCAA
EDGE_ITS2_28-EDGE_16S_28,TCTCTCTC,AAGCGCAA
EDGE_ITS2_36-EDGE_16S_36,TGGTTCCT,AAGCGCAA
EDGE_ITS2_44-EDGE_16S_44,GTGTTGTG,AAGCGCAA
EDGE_ITS2_52-EDGE_16S_52,AGTGTGTC,AAGCGCAA
EDGE_ITS2_60-EDGE_16S_60,TCACCTCA,AAGCGCAA
EDGE_ITS2_67-EDGE_16S_67,GCATATGC,AAGCGCAA
EDGE_ITS2_76-EDGE_16S_76,TACCGGAT,AAGCGCAA
EDGE_ITS2_84-EDGE_16S_84,CAAGAGGT,AAGCGCAA
EDGE_ITS2_92-EDGE_16S_92,AACCATCG,AAGCGCAA
EDGE_ITS2_5-EDGE_16S_5,CTGTACTC,ATCGAAGG
EDGE_ITS2_13-EDGE_16S_13,CGAACGAA,ATCGAAGG
EDGE_ITS2_21-EDGE_16S_21,TGCACATG,ATCGAAGG
EDGE_ITS2_29-EDGE_16S_29,TGTCGACA,ATCGAAGG
EDGE_ITS2_37-EDGE_16S_37,ATGCAACC,ATCGAAGG
EDGE_ITS2_45-EDGE_16S_45,ATGGATCC,ATCGAAGG
EDGE_ITS2_53-EDGE_16S_53,TGGAGAAC,ATCGAAGG
EDGE_ITS2_61-EDGE_16S_61,GAGTTCAC,ATCGAAGG
EDGE_ITS2_68-EDGE_16S_68,AGCAGAAC,ATCGAAGG
EDGE_ITS2_77-EDGE_16S_77,TACCTTGC,ATCGAAGG
EDGE_ITS2_85-EDGE_16S_85,GAGATCAG,ATCGAAGG
EDGE_ITS2_93-EDGE_16S_93,ACAGCAGA,ATCGAAGG
EDGE_ITS2_6-EDGE_16S_6,GCATGGAA,TCACACAG
EDGE_ITS2_14-EDGE_16S_14-Vicki_AMF_27,CTTGCTTG,TCACACAG
EDGE_ITS2_22-EDGE_16S_22-Vicki_AMF_28,CACAGTCA,TCACACAG
EDGE_ITS2_30-EDGE_16S_30,TGCTGTAG,TCACACAG
EDGE_ITS2_38-EDGE_16S_38-Vicki_AMF_38,CTAGCAAC,TCACACAG
EDGE_ITS2_46-EDGE_16S_46-Vicki_AMF_44,TCACTCAC,TCACACAG
EDGE_ITS2_54-EDGE_16S_54-Vicki_AMF_70,TAGGATGG,TCACACAG
EDGE_ITS2_62-EDGE_16S_62,TCGAGTAC,TCACACAG
EDGE_ITS2_69-EDGE_16S_69,GTGATCTG,TCACACAG
EDGE_ITS2_78-EDGE_16S_78,TCCTACGT,TCACACAG
EDGE_ITS2_86-EDGE_16S_86,GCATGCTA,TCACACAG
EDGE_ITS2_94-EDGE_16S_94,TACCGCTT,TCACACAG
EDGE_ITS2_7-EDGE_16S_7,CGTTCGTT,ACTGGTGT
EDGE_ITS2_15-EDGE_16S_15,GGAACGAT,ACTGGTGT
EDGE_ITS2_23-EDGE_16S_23,CTAGGTAC,ACTGGTGT
EDGE_ITS2_31-EDGE_16S_31,AGAGACAC,ACTGGTGT
EDGE_ITS2_39-EDGE_16S_39,GACATCTG,ACTGGTGT
EDGE_ITS2_47-EDGE_16S_47,TCTCAGTC,ACTGGTGT
EDGE_ITS2_55-EDGE_16S_55,TTCCGGAA,ACTGGTGT
EDGE_ITS2_63-EDGE_16S_63,TCCACAAG,ACTGGTGT
EDGE_ITS2_70-EDGE_16S_70,TTCCGCTA,ACTGGTGT
EDGE_ITS2_79-EDGE_16S_79,TCACAGAC,ACTGGTGT
EDGE_ITS2_87-EDGE_16S_87,ACCTCTAC,ACTGGTGT
EDGE_ITS2_95-EDGE_16S_95,GAGTAGAC,ACTGGTGT
EDGE_ITS2_8-EDGE_16S_8,GTTGGTAC,CACAGAGA
EDGE_ITS2_16-EDGE_16S_16,GACAGAGT,CACAGAGA
EDGE_ITS2_24-EDGE_16S_24,GGTTGGTT,CACAGAGA
EDGE_ITS2_32-EDGE_16S_32,GCATCCTT,CACAGAGA
EDGE_ITS2_40-EDGE_16S_40,CAACTCCT,CACAGAGA
EDGE_ITS2_48-EDGE_16S_48,GTGACAGA,CACAGAGA
EDGE_ITS2_56-EDGE_16S_56,ATTAGGCC,CACAGAGA
EDGE_ITS2_71-EDGE_16S_71,CAAGGTAG,CACAGAGA
EDGE_ITS2_72-EDGE_16S_72,AATTGCCG,CACAGAGA
EDGE_ITS2_80-EDGE_16S_80,TGGAGATG,CACAGAGA
EDGE_ITS2_88-EDGE_16S_88,ATGGCGTT,CACAGAGA
EDGE_ITS2_97-EDGE_16S_97-Vicki_AMF_1,GTGTCTCT,CAACGTAC
EDGE_ITS2_105-EDGE_16S_105,TAGGAACG,CAACGTAC
EDGE_ITS2_113-EDGE_16S_113-Vicki_AMF_2,ATCCTAGG,CAACGTAC
EDGE_ITS2_98-EDGE_16S_98,AGCAAGGT,GGATGGTA
EDGE_ITS2_106-EDGE_16S_106-Vicki_AMF_17,GTCACACA,GGATGGTA
EDGE_ITS2_114-EDGE_16S_114-Vicki_AMF_18,CTCTCACA,GGATGGTA
EDGE_ITS2_99-EDGE_16S_99-Vicki_AMF_39,GGTAGCAA,GTGAAGAC
EDGE_ITS2_107-EDGE_16S_107,GTCTACTC,GTGAAGAC
EDGE_ITS2_115-EDGE_16S_115-Vicki_AMF_40,CTACCAAG,GTGAAGAC
EDGE_ITS2_96-Vicki_AMF_19,AGGTACGA,GTGAAGAC
EDGE_ITS2_100-EDGE_16S_100,AGGTGATG,ACAGACAG
EDGE_ITS2_108-EDGE_16S_108-Vicki_AMF_29,CTAGGTTG,ACAGACAG
EDGE_ITS2_116-EDGE_16S_116-Vicki_AMF_30,GTACTGGT,ACAGACAG
EDGE_ITS2_101-EDGE_16S_101-Vicki_AMF_61,CTGTACTC,AGCTAGCT
EDGE_ITS2_109-EDGE_16S_109,CGAACGAA,AGCTAGCT
EDGE_ITS2_117-EDGE_16S_117-Vicki_AMF_63,TGCACATG,AGCTAGCT
EDGE_ITS2_102-EDGE_16S_102,GCATGGAA,GTCTCTGT
EDGE_ITS2_110-EDGE_16S_110-Vicki_AMF_71,CTTGCTTG,GTCTCTGT
EDGE_ITS2_118-EDGE_16S_118-Vicki_AMF_33,CACAGTCA,GTCTCTGT
EDGE_ITS2_103-EDGE_16S_103,CGTTCGTT,GCTACCAA
EDGE_ITS2_111-EDGE_16S_111-Vicki_AMF_45,GGAACGAT,GCTACCAA
EDGE_ITS2_119-EDGE_16S_119-Vicki_AMF_46,CTAGGTAC,GCTACCAA
EDGE_ITS2_104-EDGE_16S_104,GTTGGTAC,AGTCTCTC
EDGE_ITS2_112-EDGE_16S_112-Vicki_AMF_36,GACAGAGT,AGTCTCTC
EDGE_ITS2_120-EDGE_16S_120,GGTTGGTT,AGTCTCTC
Space_16S_55,TTCCTACG,GTGAAGTG
Space_16S_66,AGCAGAAC,CTGATCAG
Space_16S_74,TACCTTGC,CTGATCAG
Space_16S_82,GCATGCTA,GAGAACAC
Space_16S_60,TCCACAAG,CGAAGGAT
Space_16S_92,ATGCGGAA,TCCAGAAC
Space_16S_93,GTGTCTCT,CATCTGGA
Space_16S_94,AGCAAGGT,GTCTGTGA
Space_16S_166,TACCTTGC,CTCTGTCA
Space_16S_167,TCCTACGT,TCACACTC
EDGE_16S_96-Vicki_AMF_14,ATAAGCGG,CAACGTAC
Vicki_AMF_3,AGGTCTAC,CAACGTAC
Vicki_AMF_4,TCTGACTC,CAACGTAC
Vicki_AMF_5,AACCGGAA,CAACGTAC
Vicki_AMF_6,CGTTGGTA,CAACGTAC
Vicki_AMF_16,TCGTAGGT,CAACGTAC
Vicki_AMF_7,GTTGCTTC,GGATGGTA
Vicki_AMF_8,CAGTGAGA,GGATGGTA
Vicki_AMF_9,CCATGCAA,GGATGGTA
Vicki_AMF_10,TTCCTACG,GGATGGTA
Vicki_AMF_11,CGTTCCTA,GGATGGTA
Vicki_AMF_20,TGTGCTCT,GTGAAGAC
Vicki_AMF_21,GAACCAAG,GTGAAGAC
Vicki_AMF_22,TCAGTGTG,GTGAAGAC
Vicki_AMF_23,TCCTTGCA,GTGAAGAC
Vicki_AMF_31,TCTCTCTC,ACAGACAG
Vicki_AMF_32,TGGTTCCT,ACAGACAG
Vicki_AMF_41,GTGTTGTG,ACAGACAG
Vicki_AMF_42,AGTGTGTC,ACAGACAG
Vicki_AMF_43,TCACCTCA,ACAGACAG
Vicki_AMF_59,CAAGAGGT,ACAGACAG
Vicki_AMF_60,AACCATCG,ACAGACAG
Vicki_AMF_51,TGGAGAAC,AGCTAGCT
Vicki_AMF_52,GAGTTCAC,AGCTAGCT
Vicki_AMF_53,AGCAGAAC,AGCTAGCT
Vicki_AMF_68,TACCTTGC,AGCTAGCT
Vicki_AMF_69,GAGATCAG,AGCTAGCT
Vicki_AMF_34,TCACTCAC,GTCTCTGT
Vicki_AMF_35,TAGGATGG,GTCTCTGT
Vicki_AMF_37,TCGAGTAC,GTCTCTGT
Vicki_AMF_54,GTGATCTG,GTCTCTGT
Vicki_AMF_55,TCCTACGT,GTCTCTGT
Vicki_AMF_56,GCATGCTA,GTCTCTGT
Vicki_AMF_47,AGAGACAC,GCTACCAA
Vicki_AMF_48,TTCCGGAA,GCTACCAA
Vicki_AMF_49,TCCACAAG,GCTACCAA
Vicki_AMF_64,ATTAGGCC,AGTCTCTC
Vicki_AMF_65,CAAGGTAG,AGTCTCTC
Vicki_AMF_66,AATTGCCG,AGTCTCTC
Vicki_AMF_67,TGGAGATG,AGTCTCTC
