Location,i5 reverse complement,i7 sequence
AA_A_01,GGCCATAT ,GTGTCTCT
AA_B_01,TTCGATGG ,AGCAAGGT
AA_C_01,GTGTCACA ,GGTAGCAA
AA_D_01,ACGTGATC ,AGGTGATG
AA_E_01,AGAGCAGT ,CTGTACTC
AA_F_01,CTCTAGAG ,GCATGGAA
AA_G_01,AACCGGTT ,CGTTCGTT
AA_H_01,TGGTCAAC ,GTTGGTAC
AA_A_02,GGCCATAT ,TAGGAACG
AA_B_02,TTCGATGG ,GTCACACA
AA_C_02,GTGTCACA ,GTCTACTC
AA_D_02,ACGTGATC ,CTAGGTTG
AA_E_02,AGAGCAGT ,CGAACGAA
AA_F_02,CTCTAGAG ,CTTGCTTG
AA_G_02,AACCGGTT ,GGAACGAT
AA_H_02,TGGTCAAC ,GACAGAGT
AA_A_03,GGCCATAT ,ATCCTAGG
AA_B_03,TTCGATGG ,CTCTCACA
AA_C_03,GTGTCACA ,CTACCAAG
AA_D_03,ACGTGATC ,GTACTGGT
AA_E_03,AGAGCAGT ,TGCACATG
AA_F_03,CTCTAGAG ,CACAGTCA
AA_G_03,AACCGGTT ,CTAGGTAC
AA_H_03,TGGTCAAC ,GGTTGGTT
AA_A_04,GGCCATAT ,ATAAGCGG
AA_B_04,TTCGATGG ,GTTGCTTC
AA_C_04,GTGTCACA ,AGGTACGA
AA_D_04,ACGTGATC ,TCTCTCTC
AA_E_04,AGAGCAGT ,TGTCGACA
AA_F_04,CTCTAGAG ,TGCTGTAG
AA_G_04,AACCGGTT ,AGAGACAC
AA_H_04,TGGTCAAC ,GCATCCTT
AA_A_05,GGCCATAT ,AGGTCTAC
AA_B_05,TTCGATGG ,CAGTGAGA
AA_C_05,GTGTCACA ,GCAACGTT
AA_D_05,ACGTGATC ,TGGTTCCT
AA_E_05,AGAGCAGT ,ATGCAACC
AA_F_05,CTCTAGAG ,CTAGCAAC
AA_G_05,AACCGGTT ,GACATCTG
AA_H_05,TGGTCAAC ,CAACTCCT
AA_A_06,GGCCATAT ,TCTGACTC
AA_B_06,TTCGATGG ,GACTACAC
AA_C_06,GTGTCACA ,TGTGCTCT
AA_D_06,ACGTGATC ,GTGTTGTG
AA_E_06,AGAGCAGT ,ATGGATCC
AA_F_06,CTCTAGAG ,TCACTCAC
AA_G_06,AACCGGTT ,TCTCAGTC
AA_H_06,TGGTCAAC ,GTGACAGA
AA_A_07,GGCCATAT ,AACCGGAA
AA_B_07,TTCGATGG ,CCATGCAA
AA_C_07,GTGTCACA ,GAACCAAG
AA_D_07,ACGTGATC ,AGTGTGTC
AA_E_07,AGAGCAGT ,TGGAGAAC
AA_F_07,CTCTAGAG ,TAGGATGG
AA_G_07,AACCGGTT ,TTCCGGAA
AA_H_07,TGGTCAAC ,ATTAGGCC
AA_A_08,GGCCATAT ,CGTTGGTA
AA_B_08,TTCGATGG ,TTCCTACG
AA_C_08,GTGTCACA ,TCAGTGTG
AA_D_08,ACGTGATC ,TCACCTCA
AA_E_08,AGAGCAGT ,GAGTTCAC
AA_F_08,CTCTAGAG ,TCGAGTAC
AA_G_08,AACCGGTT ,TCCACAAG
AA_H_08,TGGTCAAC ,CAAGGTAG
AA_A_09,GGCCATAT ,AGCTTGGT
AA_B_09,TTCGATGG ,CGTTCCTA
AA_C_09,GTGTCACA ,TCCTTGCA
AA_D_09,ACGTGATC ,GCATATGC
AA_E_09,AGAGCAGT ,AGCAGAAC
AA_F_09,CTCTAGAG ,GTGATCTG
AA_G_09,AACCGGTT ,TTCCGCTA
AA_H_09,TGGTCAAC ,AATTGCCG
AA_A_10,GGCCATAT ,ACTCTCAC
AA_B_10,TTCGATGG ,CCTAGCAA
AA_C_10,GTGTCACA ,CATCTGCT
AA_D_10,ACGTGATC ,TACCGGAT
AA_E_10,AGAGCAGT ,TACCTTGC
AA_F_10,CTCTAGAG ,TCCTACGT
AA_G_10,AACCGGTT ,TCACAGAC
AA_H_10,TGGTCAAC ,TGGAGATG
AA_A_11,GGCCATAT ,GAACGTTC
AA_B_11,TTCGATGG ,TGGAAGGT
AA_C_11,GTGTCACA ,ATCCTTCG
AA_D_11,ACGTGATC ,CAAGAGGT
AA_E_11,AGAGCAGT ,GAGATCAG
AA_F_11,CTCTAGAG ,GCATGCTA
AA_G_11,AACCGGTT ,ACCTCTAC
AA_H_11,TGGTCAAC ,ATGGCGTT
AA_A_12,GGCCATAT ,TCGTAGGT
AA_B_12,TTCGATGG ,TAGCTACG
AA_C_12,GTGTCACA ,GTACGAAG
AA_D_12,ACGTGATC ,AACCATCG
AA_E_12,AGAGCAGT ,ACAGCAGA
AA_F_12,CTCTAGAG ,TACCGCTT
AA_G_12,AACCGGTT ,GAGTAGAC
AA_H_12,TGGTCAAC ,ATGCGGAA
BB_A_01,GTACGATC ,GTGTCTCT
BB_B_01,AGTGGTGA ,AGCAAGGT
BB_C_01,GTGTTCTC ,GGTAGCAA
BB_D_01,TGAGGACA ,AGGTGATG
BB_E_01,CACTTCTG ,CTGTACTC
BB_F_01,ATGGCCTA ,GCATGGAA
BB_G_01,AGTCTGTG ,CGTTCGTT
BB_H_01,AACCTTCC ,GTTGGTAC
BB_A_02,GTACGATC ,TAGGAACG
BB_B_02,AGTGGTGA ,GTCACACA
BB_C_02,GTGTTCTC ,GTCTACTC
BB_D_02,TGAGGACA ,CTAGGTTG
BB_E_02,CACTTCTG ,CGAACGAA
BB_F_02,ATGGCCTA ,CTTGCTTG
BB_G_02,AGTCTGTG ,GGAACGAT
BB_H_02,AACCTTCC ,GACAGAGT
BB_A_03,GTACGATC ,ATCCTAGG
BB_B_03,AGTGGTGA ,CTCTCACA
BB_C_03,GTGTTCTC ,CTACCAAG
BB_D_03,TGAGGACA ,GTACTGGT
BB_E_03,CACTTCTG ,TGCACATG
BB_F_03,ATGGCCTA ,CACAGTCA
BB_G_03,AGTCTGTG ,CTAGGTAC
BB_H_03,AACCTTCC ,GGTTGGTT
BB_A_04,GTACGATC ,ATAAGCGG
BB_B_04,AGTGGTGA ,GTTGCTTC
BB_C_04,GTGTTCTC ,AGGTACGA
BB_D_04,TGAGGACA ,TCTCTCTC
BB_E_04,CACTTCTG ,TGTCGACA
BB_F_04,ATGGCCTA ,TGCTGTAG
BB_G_04,AGTCTGTG ,AGAGACAC
BB_H_04,AACCTTCC ,GCATCCTT
BB_A_05,GTACGATC ,AGGTCTAC
BB_B_05,AGTGGTGA ,CAGTGAGA
BB_C_05,GTGTTCTC ,GCAACGTT
BB_D_05,TGAGGACA ,TGGTTCCT
BB_E_05,CACTTCTG ,ATGCAACC
BB_F_05,ATGGCCTA ,CTAGCAAC
BB_G_05,AGTCTGTG ,GACATCTG
BB_H_05,AACCTTCC ,CAACTCCT
BB_A_06,GTACGATC ,TCTGACTC
BB_B_06,AGTGGTGA ,GACTACAC
BB_C_06,GTGTTCTC ,TGTGCTCT
BB_D_06,TGAGGACA ,GTGTTGTG
BB_E_06,CACTTCTG ,ATGGATCC
BB_F_06,ATGGCCTA ,TCACTCAC
BB_G_06,AGTCTGTG ,TCTCAGTC
BB_H_06,AACCTTCC ,GTGACAGA
BB_A_07,GTACGATC ,AACCGGAA
BB_B_07,AGTGGTGA ,CCATGCAA
BB_C_07,GTGTTCTC ,GAACCAAG
BB_D_07,TGAGGACA ,AGTGTGTC
BB_E_07,CACTTCTG ,TGGAGAAC
BB_F_07,ATGGCCTA ,TAGGATGG
BB_G_07,AGTCTGTG ,TTCCGGAA
BB_H_07,AACCTTCC ,ATTAGGCC
BB_A_08,GTACGATC ,CGTTGGTA
BB_B_08,AGTGGTGA ,TTCCTACG
BB_C_08,GTGTTCTC ,TCAGTGTG
BB_D_08,TGAGGACA ,TCACCTCA
BB_E_08,CACTTCTG ,GAGTTCAC
BB_F_08,ATGGCCTA ,TCGAGTAC
BB_G_08,AGTCTGTG ,TCCACAAG
BB_H_08,AACCTTCC ,CAAGGTAG
BB_A_09,GTACGATC ,AGCTTGGT
BB_B_09,AGTGGTGA ,CGTTCCTA
BB_C_09,GTGTTCTC ,TCCTTGCA
BB_D_09,TGAGGACA ,GCATATGC
BB_E_09,CACTTCTG ,AGCAGAAC
BB_F_09,ATGGCCTA ,GTGATCTG
BB_G_09,AGTCTGTG ,TTCCGCTA
BB_H_09,AACCTTCC ,AATTGCCG
BB_A_10,GTACGATC ,ACTCTCAC
BB_B_10,AGTGGTGA ,CCTAGCAA
BB_C_10,GTGTTCTC ,CATCTGCT
BB_D_10,TGAGGACA ,TACCGGAT
BB_E_10,CACTTCTG ,TACCTTGC
BB_F_10,ATGGCCTA ,TCCTACGT
BB_G_10,AGTCTGTG ,TCACAGAC
BB_H_10,AACCTTCC ,TGGAGATG
BB_A_11,GTACGATC ,GAACGTTC
BB_B_11,AGTGGTGA ,TGGAAGGT
BB_C_11,GTGTTCTC ,ATCCTTCG
BB_D_11,TGAGGACA ,CAAGAGGT
BB_E_11,CACTTCTG ,GAGATCAG
BB_F_11,ATGGCCTA ,GCATGCTA
BB_G_11,AGTCTGTG ,ACCTCTAC
BB_H_11,AACCTTCC ,ATGGCGTT
BB_A_12,GTACGATC ,TCGTAGGT
BB_B_12,AGTGGTGA ,TAGCTACG
BB_C_12,GTGTTCTC ,GTACGAAG
BB_D_12,TGAGGACA ,AACCATCG
BB_E_12,CACTTCTG ,ACAGCAGA
BB_F_12,ATGGCCTA ,TACCGCTT
BB_G_12,AGTCTGTG ,GAGTAGAC
BB_H_12,AACCTTCC ,ATGCGGAA
CC_A_01,ACCTGTTC ,GTGTCTCT
CC_B_01,CAGACTCA ,AGCAAGGT
CC_C_01,AGTGTCTG ,GGTAGCAA
CC_D_01,CTTGGTAG ,AGGTGATG
CC_E_01,TATAGCGC ,CTGTACTC
CC_F_01,GTAGAGGT ,GCATGGAA
CC_G_01,CAGTCTCT ,CGTTCGTT
CC_H_01,ATCGGCAT ,GTTGGTAC
CC_A_02,ACCTGTTC ,TAGGAACG
CC_B_02,CAGACTCA ,GTCACACA
CC_C_02,AGTGTCTG ,GTCTACTC
CC_D_02,CTTGGTAG ,CTAGGTTG
CC_E_02,TATAGCGC ,CGAACGAA
CC_F_02,GTAGAGGT ,CTTGCTTG
CC_G_02,CAGTCTCT ,GGAACGAT
CC_H_02,ATCGGCAT ,GACAGAGT
CC_A_03,ACCTGTTC ,ATCCTAGG
CC_B_03,CAGACTCA ,CTCTCACA
CC_C_03,AGTGTCTG ,CTACCAAG
CC_D_03,CTTGGTAG ,GTACTGGT
CC_E_03,TATAGCGC ,TGCACATG
CC_F_03,GTAGAGGT ,CACAGTCA
CC_G_03,CAGTCTCT ,CTAGGTAC
CC_H_03,ATCGGCAT ,GGTTGGTT
CC_A_04,ACCTGTTC ,ATAAGCGG
CC_B_04,CAGACTCA ,GTTGCTTC
CC_C_04,AGTGTCTG ,AGGTACGA
CC_D_04,CTTGGTAG ,TCTCTCTC
CC_E_04,TATAGCGC ,TGTCGACA
CC_F_04,GTAGAGGT ,TGCTGTAG
CC_G_04,CAGTCTCT ,AGAGACAC
CC_H_04,ATCGGCAT ,GCATCCTT
CC_A_05,ACCTGTTC ,AGGTCTAC
CC_B_05,CAGACTCA ,CAGTGAGA
CC_C_05,AGTGTCTG ,GCAACGTT
CC_D_05,CTTGGTAG ,TGGTTCCT
CC_E_05,TATAGCGC ,ATGCAACC
CC_F_05,GTAGAGGT ,CTAGCAAC
CC_G_05,CAGTCTCT ,GACATCTG
CC_H_05,ATCGGCAT ,CAACTCCT
CC_A_06,ACCTGTTC ,TCTGACTC
CC_B_06,CAGACTCA ,GACTACAC
CC_C_06,AGTGTCTG ,TGTGCTCT
CC_D_06,CTTGGTAG ,GTGTTGTG
CC_E_06,TATAGCGC ,ATGGATCC
CC_F_06,GTAGAGGT ,TCACTCAC
CC_G_06,CAGTCTCT ,TCTCAGTC
CC_H_06,ATCGGCAT ,GTGACAGA
CC_A_07,ACCTGTTC ,AACCGGAA
CC_B_07,CAGACTCA ,CCATGCAA
CC_C_07,AGTGTCTG ,GAACCAAG
CC_D_07,CTTGGTAG ,AGTGTGTC
CC_E_07,TATAGCGC ,TGGAGAAC
CC_F_07,GTAGAGGT ,TAGGATGG
CC_G_07,CAGTCTCT ,TTCCGGAA
CC_H_07,ATCGGCAT ,ATTAGGCC
CC_A_08,ACCTGTTC ,CGTTGGTA
CC_B_08,CAGACTCA ,TTCCTACG
CC_C_08,AGTGTCTG ,TCAGTGTG
CC_D_08,CTTGGTAG ,TCACCTCA
CC_E_08,TATAGCGC ,GAGTTCAC
CC_F_08,GTAGAGGT ,TCGAGTAC
CC_G_08,CAGTCTCT ,TCCACAAG
CC_H_08,ATCGGCAT ,CAAGGTAG
CC_A_09,ACCTGTTC ,AGCTTGGT
CC_B_09,CAGACTCA ,CGTTCCTA
CC_C_09,AGTGTCTG ,TCCTTGCA
CC_D_09,CTTGGTAG ,GCATATGC
CC_E_09,TATAGCGC ,AGCAGAAC
CC_F_09,GTAGAGGT ,GTGATCTG
CC_G_09,CAGTCTCT ,TTCCGCTA
CC_H_09,ATCGGCAT ,AATTGCCG
CC_A_10,ACCTGTTC ,ACTCTCAC
CC_B_10,CAGACTCA ,CCTAGCAA
CC_C_10,AGTGTCTG ,CATCTGCT
CC_D_10,CTTGGTAG ,TACCGGAT
CC_E_10,TATAGCGC ,TACCTTGC
CC_F_10,GTAGAGGT ,TCCTACGT
CC_G_10,CAGTCTCT ,TCACAGAC
CC_H_10,ATCGGCAT ,TGGAGATG
CC_A_11,ACCTGTTC ,GAACGTTC
CC_B_11,CAGACTCA ,TGGAAGGT
CC_C_11,AGTGTCTG ,ATCCTTCG
CC_D_11,CTTGGTAG ,CAAGAGGT
CC_E_11,TATAGCGC ,GAGATCAG
CC_F_11,GTAGAGGT ,GCATGCTA
CC_G_11,CAGTCTCT ,ACCTCTAC
CC_H_11,ATCGGCAT ,ATGGCGTT
CC_A_12,ACCTGTTC ,TCGTAGGT
CC_B_12,CAGACTCA ,TAGCTACG
CC_C_12,AGTGTCTG ,GTACGAAG
CC_D_12,CTTGGTAG ,AACCATCG
CC_E_12,TATAGCGC ,ACAGCAGA
CC_F_12,GTAGAGGT ,TACCGCTT
CC_G_12,CAGTCTCT ,GAGTAGAC
CC_H_12,ATCGGCAT ,ATGCGGAA
DD_A_01,GTCACAGT ,GTGTCTCT
DD_B_01,CTGACAGT ,AGCAAGGT
DD_C_01,CTCTACAC ,GGTAGCAA
DD_D_01,CAGTGACT ,AGGTGATG
DD_E_01,CTGTGTCT ,CTGTACTC
DD_F_01,TGGTACCA ,GCATGGAA
DD_G_01,TCCTTGCA ,CGTTCGTT
DD_H_01,GCATCGAT ,GTTGGTAC
DD_A_02,GTCACAGT ,TAGGAACG
DD_B_02,CTGACAGT ,GTCACACA
DD_C_02,CTCTACAC ,GTCTACTC
DD_D_02,CAGTGACT ,CTAGGTTG
DD_E_02,CTGTGTCT ,CGAACGAA
DD_F_02,TGGTACCA ,CTTGCTTG
DD_G_02,TCCTTGCA ,GGAACGAT
DD_H_02,GCATCGAT ,GACAGAGT
DD_A_03,GTCACAGT ,ATCCTAGG
DD_B_03,CTGACAGT ,CTCTCACA
DD_C_03,CTCTACAC ,CTACCAAG
DD_D_03,CAGTGACT ,GTACTGGT
DD_E_03,CTGTGTCT ,TGCACATG
DD_F_03,TGGTACCA ,CACAGTCA
DD_G_03,TCCTTGCA ,CTAGGTAC
DD_H_03,GCATCGAT ,GGTTGGTT
DD_A_04,GTCACAGT ,ATAAGCGG
DD_B_04,CTGACAGT ,GTTGCTTC
DD_C_04,CTCTACAC ,AGGTACGA
DD_D_04,CAGTGACT ,TCTCTCTC
DD_E_04,CTGTGTCT ,TGTCGACA
DD_F_04,TGGTACCA ,TGCTGTAG
DD_G_04,TCCTTGCA ,AGAGACAC
DD_H_04,GCATCGAT ,GCATCCTT
DD_A_05,GTCACAGT ,AGGTCTAC
DD_B_05,CTGACAGT ,CAGTGAGA
DD_C_05,CTCTACAC ,GCAACGTT
DD_D_05,CAGTGACT ,TGGTTCCT
DD_E_05,CTGTGTCT ,ATGCAACC
DD_F_05,TGGTACCA ,CTAGCAAC
DD_G_05,TCCTTGCA ,GACATCTG
DD_H_05,GCATCGAT ,CAACTCCT
DD_A_06,GTCACAGT ,TCTGACTC
DD_B_06,CTGACAGT ,GACTACAC
DD_C_06,CTCTACAC ,TGTGCTCT
DD_D_06,CAGTGACT ,GTGTTGTG
DD_E_06,CTGTGTCT ,ATGGATCC
DD_F_06,TGGTACCA ,TCACTCAC
DD_G_06,TCCTTGCA ,TCTCAGTC
DD_H_06,GCATCGAT ,GTGACAGA
DD_A_07,GTCACAGT ,AACCGGAA
DD_B_07,CTGACAGT ,CCATGCAA
DD_C_07,CTCTACAC ,GAACCAAG
DD_D_07,CAGTGACT ,AGTGTGTC
DD_E_07,CTGTGTCT ,TGGAGAAC
DD_F_07,TGGTACCA ,TAGGATGG
DD_G_07,TCCTTGCA ,TTCCGGAA
DD_H_07,GCATCGAT ,ATTAGGCC
DD_A_08,GTCACAGT ,CGTTGGTA
DD_B_08,CTGACAGT ,TTCCTACG
DD_C_08,CTCTACAC ,TCAGTGTG
DD_D_08,CAGTGACT ,TCACCTCA
DD_E_08,CTGTGTCT ,GAGTTCAC
DD_F_08,TGGTACCA ,TCGAGTAC
DD_G_08,TCCTTGCA ,TCCACAAG
DD_H_08,GCATCGAT ,CAAGGTAG
DD_A_09,GTCACAGT ,AGCTTGGT
DD_B_09,CTGACAGT ,CGTTCCTA
DD_C_09,CTCTACAC ,TCCTTGCA
DD_D_09,CAGTGACT ,GCATATGC
DD_E_09,CTGTGTCT ,AGCAGAAC
DD_F_09,TGGTACCA ,GTGATCTG
DD_G_09,TCCTTGCA ,TTCCGCTA
DD_H_09,GCATCGAT ,AATTGCCG
DD_A_10,GTCACAGT ,ACTCTCAC
DD_B_10,CTGACAGT ,CCTAGCAA
DD_C_10,CTCTACAC ,CATCTGCT
DD_D_10,CAGTGACT ,TACCGGAT
DD_E_10,CTGTGTCT ,TACCTTGC
DD_F_10,TGGTACCA ,TCCTACGT
DD_G_10,TCCTTGCA ,TCACAGAC
DD_H_10,GCATCGAT ,TGGAGATG
DD_A_11,GTCACAGT ,GAACGTTC
DD_B_11,CTGACAGT ,TGGAAGGT
DD_C_11,CTCTACAC ,ATCCTTCG
DD_D_11,CAGTGACT ,CAAGAGGT
DD_E_11,CTGTGTCT ,GAGATCAG
DD_F_11,TGGTACCA ,GCATGCTA
DD_G_11,TCCTTGCA ,ACCTCTAC
DD_H_11,GCATCGAT ,ATGGCGTT
DD_A_12,GTCACAGT ,TCGTAGGT
DD_B_12,CTGACAGT ,TAGCTACG
DD_C_12,CTCTACAC ,GTACGAAG
DD_D_12,CAGTGACT ,AACCATCG
DD_E_12,CTGTGTCT ,ACAGCAGA
DD_F_12,TGGTACCA ,TACCGCTT
DD_G_12,TCCTTGCA ,GAGTAGAC
DD_H_12,GCATCGAT ,ATGCGGAA
EE_A_01,ATATGGCC ,GTGTCTCT
EE_B_01,GTACGTTG ,AGCAAGGT
EE_C_01,AGGTGTTC ,GGTAGCAA
EE_D_01,TGTCACTC ,AGGTGATG
EE_E_01,CTTGTCCA ,CTGTACTC
EE_F_01,CAAGGAAC ,GCATGGAA
EE_G_01,GTAGGATG ,CGTTCGTT
EE_H_01,TTCGCCAT ,GTTGGTAC
EE_A_02,ATATGGCC ,TAGGAACG
EE_B_02,GTACGTTG ,GTCACACA
EE_C_02,AGGTGTTC ,GTCTACTC
EE_D_02,TGTCACTC ,CTAGGTTG
EE_E_02,CTTGTCCA ,CGAACGAA
EE_F_02,CAAGGAAC ,CTTGCTTG
EE_G_02,GTAGGATG ,GGAACGAT
EE_H_02,TTCGCCAT ,GACAGAGT
EE_A_03,ATATGGCC ,ATCCTAGG
EE_B_03,GTACGTTG ,CTCTCACA
EE_C_03,AGGTGTTC ,CTACCAAG
EE_D_03,TGTCACTC ,GTACTGGT
EE_E_03,CTTGTCCA ,TGCACATG
EE_F_03,CAAGGAAC ,CACAGTCA
EE_G_03,GTAGGATG ,CTAGGTAC
EE_H_03,TTCGCCAT ,GGTTGGTT
EE_A_04,ATATGGCC ,ATAAGCGG
EE_B_04,GTACGTTG ,GTTGCTTC
EE_C_04,AGGTGTTC ,AGGTACGA
EE_D_04,TGTCACTC ,TCTCTCTC
EE_E_04,CTTGTCCA ,TGTCGACA
EE_F_04,CAAGGAAC ,TGCTGTAG
EE_G_04,GTAGGATG ,AGAGACAC
EE_H_04,TTCGCCAT ,GCATCCTT
EE_A_05,ATATGGCC ,AGGTCTAC
EE_B_05,GTACGTTG ,CAGTGAGA
EE_C_05,AGGTGTTC ,GCAACGTT
EE_D_05,TGTCACTC ,TGGTTCCT
EE_E_05,CTTGTCCA ,ATGCAACC
EE_F_05,CAAGGAAC ,CTAGCAAC
EE_G_05,GTAGGATG ,GACATCTG
EE_H_05,TTCGCCAT ,CAACTCCT
EE_A_06,ATATGGCC ,TCTGACTC
EE_B_06,GTACGTTG ,GACTACAC
EE_C_06,AGGTGTTC ,TGTGCTCT
EE_D_06,TGTCACTC ,GTGTTGTG
EE_E_06,CTTGTCCA ,ATGGATCC
EE_F_06,CAAGGAAC ,TCACTCAC
EE_G_06,GTAGGATG ,TCTCAGTC
EE_H_06,TTCGCCAT ,GTGACAGA
EE_A_07,ATATGGCC ,AACCGGAA
EE_B_07,GTACGTTG ,CCATGCAA
EE_C_07,AGGTGTTC ,GAACCAAG
EE_D_07,TGTCACTC ,AGTGTGTC
EE_E_07,CTTGTCCA ,TGGAGAAC
EE_F_07,CAAGGAAC ,TAGGATGG
EE_G_07,GTAGGATG ,TTCCGGAA
EE_H_07,TTCGCCAT ,ATTAGGCC
EE_A_08,ATATGGCC ,CGTTGGTA
EE_B_08,GTACGTTG ,TTCCTACG
EE_C_08,AGGTGTTC ,TCAGTGTG
EE_D_08,TGTCACTC ,TCACCTCA
EE_E_08,CTTGTCCA ,GAGTTCAC
EE_F_08,CAAGGAAC ,TCGAGTAC
EE_G_08,GTAGGATG ,TCCACAAG
EE_H_08,TTCGCCAT ,CAAGGTAG
EE_A_09,ATATGGCC ,AGCTTGGT
EE_B_09,GTACGTTG ,CGTTCCTA
EE_C_09,AGGTGTTC ,TCCTTGCA
EE_D_09,TGTCACTC ,GCATATGC
EE_E_09,CTTGTCCA ,AGCAGAAC
EE_F_09,CAAGGAAC ,GTGATCTG
EE_G_09,GTAGGATG ,TTCCGCTA
EE_H_09,TTCGCCAT ,AATTGCCG
EE_A_10,ATATGGCC ,ACTCTCAC
EE_B_10,GTACGTTG ,CCTAGCAA
EE_C_10,AGGTGTTC ,CATCTGCT
EE_D_10,TGTCACTC ,TACCGGAT
EE_E_10,CTTGTCCA ,TACCTTGC
EE_F_10,CAAGGAAC ,TCCTACGT
EE_G_10,GTAGGATG ,TCACAGAC
EE_H_10,TTCGCCAT ,TGGAGATG
EE_A_11,ATATGGCC ,GAACGTTC
EE_B_11,GTACGTTG ,TGGAAGGT
EE_C_11,AGGTGTTC ,ATCCTTCG
EE_D_11,TGTCACTC ,CAAGAGGT
EE_E_11,CTTGTCCA ,GAGATCAG
EE_F_11,CAAGGAAC ,GCATGCTA
EE_G_11,GTAGGATG ,ACCTCTAC
EE_H_11,TTCGCCAT ,ATGGCGTT
EE_A_12,ATATGGCC ,TCGTAGGT
EE_B_12,GTACGTTG ,TAGCTACG
EE_C_12,AGGTGTTC ,GTACGAAG
EE_D_12,TGTCACTC ,AACCATCG
EE_E_12,CTTGTCCA ,ACAGCAGA
EE_F_12,CAAGGAAC ,TACCGCTT
EE_G_12,GTAGGATG ,GAGTAGAC
EE_H_12,TTCGCCAT ,ATGCGGAA
FF_A_01,TAGGCGTT ,GTGTCTCT
FF_B_01,TCAGCAGT ,AGCAAGGT
FF_C_01,TTCCATGC ,GGTAGCAA
FF_D_01,GATCACCA ,AGGTGATG
FF_E_01,TGCTACCT ,CTGTACTC
FF_F_01,CTACGAAC ,GCATGGAA
FF_G_01,GTGTACTG ,CGTTCGTT
FF_H_01,TATTGCGG ,GTTGGTAC
FF_A_02,TAGGCGTT ,TAGGAACG
FF_B_02,TCAGCAGT ,GTCACACA
FF_C_02,TTCCATGC ,GTCTACTC
FF_D_02,GATCACCA ,CTAGGTTG
FF_E_02,TGCTACCT ,CGAACGAA
FF_F_02,CTACGAAC ,CTTGCTTG
FF_G_02,GTGTACTG ,GGAACGAT
FF_H_02,TATTGCGG ,GACAGAGT
FF_A_03,TAGGCGTT ,ATCCTAGG
FF_B_03,TCAGCAGT ,CTCTCACA
FF_C_03,TTCCATGC ,CTACCAAG
FF_D_03,GATCACCA ,GTACTGGT
FF_E_03,TGCTACCT ,TGCACATG
FF_F_03,CTACGAAC ,CACAGTCA
FF_G_03,GTGTACTG ,CTAGGTAC
FF_H_03,TATTGCGG ,GGTTGGTT
FF_A_04,TAGGCGTT ,ATAAGCGG
FF_B_04,TCAGCAGT ,GTTGCTTC
FF_C_04,TTCCATGC ,AGGTACGA
FF_D_04,GATCACCA ,TCTCTCTC
FF_E_04,TGCTACCT ,TGTCGACA
FF_F_04,CTACGAAC ,TGCTGTAG
FF_G_04,GTGTACTG ,AGAGACAC
FF_H_04,TATTGCGG ,GCATCCTT
FF_A_05,TAGGCGTT ,AGGTCTAC
FF_B_05,TCAGCAGT ,CAGTGAGA
FF_C_05,TTCCATGC ,GCAACGTT
FF_D_05,GATCACCA ,TGGTTCCT
FF_E_05,TGCTACCT ,ATGCAACC
FF_F_05,CTACGAAC ,CTAGCAAC
FF_G_05,GTGTACTG ,GACATCTG
FF_H_05,TATTGCGG ,CAACTCCT
FF_A_06,TAGGCGTT ,TCTGACTC
FF_B_06,TCAGCAGT ,GACTACAC
FF_C_06,TTCCATGC ,TGTGCTCT
FF_D_06,GATCACCA ,GTGTTGTG
FF_E_06,TGCTACCT ,ATGGATCC
FF_F_06,CTACGAAC ,TCACTCAC
FF_G_06,GTGTACTG ,TCTCAGTC
FF_H_06,TATTGCGG ,GTGACAGA
FF_A_07,TAGGCGTT ,AACCGGAA
FF_B_07,TCAGCAGT ,CCATGCAA
FF_C_07,TTCCATGC ,GAACCAAG
FF_D_07,GATCACCA ,AGTGTGTC
FF_E_07,TGCTACCT ,TGGAGAAC
FF_F_07,CTACGAAC ,TAGGATGG
FF_G_07,GTGTACTG ,TTCCGGAA
FF_H_07,TATTGCGG ,ATTAGGCC
FF_A_08,TAGGCGTT ,CGTTGGTA
FF_B_08,TCAGCAGT ,TTCCTACG
FF_C_08,TTCCATGC ,TCAGTGTG
FF_D_08,GATCACCA ,TCACCTCA
FF_E_08,TGCTACCT ,GAGTTCAC
FF_F_08,CTACGAAC ,TCGAGTAC
FF_G_08,GTGTACTG ,TCCACAAG
FF_H_08,TATTGCGG ,CAAGGTAG
FF_A_09,TAGGCGTT ,AGCTTGGT
FF_B_09,TCAGCAGT ,CGTTCCTA
FF_C_09,TTCCATGC ,TCCTTGCA
FF_D_09,GATCACCA ,GCATATGC
FF_E_09,TGCTACCT ,AGCAGAAC
FF_F_09,CTACGAAC ,GTGATCTG
FF_G_09,GTGTACTG ,TTCCGCTA
FF_H_09,TATTGCGG ,AATTGCCG
FF_A_10,TAGGCGTT ,ACTCTCAC
FF_B_10,TCAGCAGT ,CCTAGCAA
FF_C_10,TTCCATGC ,CATCTGCT
FF_D_10,GATCACCA ,TACCGGAT
FF_E_10,TGCTACCT ,TACCTTGC
FF_F_10,CTACGAAC ,TCCTACGT
FF_G_10,GTGTACTG ,TCACAGAC
FF_H_10,TATTGCGG ,TGGAGATG
FF_A_11,TAGGCGTT ,GAACGTTC
FF_B_11,TCAGCAGT ,TGGAAGGT
FF_C_11,TTCCATGC ,ATCCTTCG
FF_D_11,GATCACCA ,CAAGAGGT
FF_E_11,TGCTACCT ,GAGATCAG
FF_F_11,CTACGAAC ,GCATGCTA
FF_G_11,GTGTACTG ,ACCTCTAC
FF_H_11,TATTGCGG ,ATGGCGTT
FF_A_12,TAGGCGTT ,TCGTAGGT
FF_B_12,TCAGCAGT ,TAGCTACG
FF_C_12,TTCCATGC ,GTACGAAG
FF_D_12,GATCACCA ,AACCATCG
FF_E_12,TGCTACCT ,ACAGCAGA
FF_F_12,CTACGAAC ,TACCGCTT
FF_G_12,GTGTACTG ,GAGTAGAC
FF_H_12,TATTGCGG ,ATGCGGAA
GG_A_01,GGATCCAT ,GTGTCTCT
GG_B_01,GACTAGAG ,AGCAAGGT
GG_C_01,GGATTAGG ,GGTAGCAA
GG_D_01,TGACGAGA ,AGGTGATG
GG_E_01,TCGTAGCA ,CTGTACTC
GG_F_01,ACCTCTAC ,GCATGGAA
GG_G_01,GACTACAC ,CGTTCGTT
GG_H_01,GCTTAAGC ,GTTGGTAC
GG_A_02,GGATCCAT ,TAGGAACG
GG_B_02,GACTAGAG ,GTCACACA
GG_C_02,GGATTAGG ,GTCTACTC
GG_D_02,TGACGAGA ,CTAGGTTG
GG_E_02,TCGTAGCA ,CGAACGAA
GG_F_02,ACCTCTAC ,CTTGCTTG
GG_G_02,GACTACAC ,GGAACGAT
GG_H_02,GCTTAAGC ,GACAGAGT
GG_A_03,GGATCCAT ,ATCCTAGG
GG_B_03,GACTAGAG ,CTCTCACA
GG_C_03,GGATTAGG ,CTACCAAG
GG_D_03,TGACGAGA ,GTACTGGT
GG_E_03,TCGTAGCA ,TGCACATG
GG_F_03,ACCTCTAC ,CACAGTCA
GG_G_03,GACTACAC ,CTAGGTAC
GG_H_03,GCTTAAGC ,GGTTGGTT
GG_A_04,GGATCCAT ,ATAAGCGG
GG_B_04,GACTAGAG ,GTTGCTTC
GG_C_04,GGATTAGG ,AGGTACGA
GG_D_04,TGACGAGA ,TCTCTCTC
GG_E_04,TCGTAGCA ,TGTCGACA
GG_F_04,ACCTCTAC ,TGCTGTAG
GG_G_04,GACTACAC ,AGAGACAC
GG_H_04,GCTTAAGC ,GCATCCTT
GG_A_05,GGATCCAT ,AGGTCTAC
GG_B_05,GACTAGAG ,CAGTGAGA
GG_C_05,GGATTAGG ,GCAACGTT
GG_D_05,TGACGAGA ,TGGTTCCT
GG_E_05,TCGTAGCA ,ATGCAACC
GG_F_05,ACCTCTAC ,CTAGCAAC
GG_G_05,GACTACAC ,GACATCTG
GG_H_05,GCTTAAGC ,CAACTCCT
GG_A_06,GGATCCAT ,TCTGACTC
GG_B_06,GACTAGAG ,GACTACAC
GG_C_06,GGATTAGG ,TGTGCTCT
GG_D_06,TGACGAGA ,GTGTTGTG
GG_E_06,TCGTAGCA ,ATGGATCC
GG_F_06,ACCTCTAC ,TCACTCAC
GG_G_06,GACTACAC ,TCTCAGTC
GG_H_06,GCTTAAGC ,GTGACAGA
GG_A_07,GGATCCAT ,AACCGGAA
GG_B_07,GACTAGAG ,CCATGCAA
GG_C_07,GGATTAGG ,GAACCAAG
GG_D_07,TGACGAGA ,AGTGTGTC
GG_E_07,TCGTAGCA ,TGGAGAAC
GG_F_07,ACCTCTAC ,TAGGATGG
GG_G_07,GACTACAC ,TTCCGGAA
GG_H_07,GCTTAAGC ,ATTAGGCC
GG_A_08,GGATCCAT ,CGTTGGTA
GG_B_08,GACTAGAG ,TTCCTACG
GG_C_08,GGATTAGG ,TCAGTGTG
GG_D_08,TGACGAGA ,TCACCTCA
GG_E_08,TCGTAGCA ,GAGTTCAC
GG_F_08,ACCTCTAC ,TCGAGTAC
GG_G_08,GACTACAC ,TCCACAAG
GG_H_08,GCTTAAGC ,CAAGGTAG
GG_A_09,GGATCCAT ,AGCTTGGT
GG_B_09,GACTAGAG ,CGTTCCTA
GG_C_09,GGATTAGG ,TCCTTGCA
GG_D_09,TGACGAGA ,GCATATGC
GG_E_09,TCGTAGCA ,AGCAGAAC
GG_F_09,ACCTCTAC ,GTGATCTG
GG_G_09,GACTACAC ,TTCCGCTA
GG_H_09,GCTTAAGC ,AATTGCCG
GG_A_10,GGATCCAT ,ACTCTCAC
GG_B_10,GACTAGAG ,CCTAGCAA
GG_C_10,GGATTAGG ,CATCTGCT
GG_D_10,TGACGAGA ,TACCGGAT
GG_E_10,TCGTAGCA ,TACCTTGC
GG_F_10,ACCTCTAC ,TCCTACGT
GG_G_10,GACTACAC ,TCACAGAC
GG_H_10,GCTTAAGC ,TGGAGATG
GG_A_11,GGATCCAT ,GAACGTTC
GG_B_11,GACTAGAG ,TGGAAGGT
GG_C_11,GGATTAGG ,ATCCTTCG
GG_D_11,TGACGAGA ,CAAGAGGT
GG_E_11,TCGTAGCA ,GAGATCAG
GG_F_11,ACCTCTAC ,GCATGCTA
GG_G_11,GACTACAC ,ACCTCTAC
GG_H_11,GCTTAAGC ,ATGGCGTT
GG_A_12,GGATCCAT ,TCGTAGGT
GG_B_12,GACTAGAG ,TAGCTACG
GG_C_12,GGATTAGG ,GTACGAAG
GG_D_12,TGACGAGA ,AACCATCG
GG_E_12,TCGTAGCA ,ACAGCAGA
GG_F_12,ACCTCTAC ,TACCGCTT
GG_G_12,GACTACAC ,GAGTAGAC
GG_H_12,GCTTAAGC ,ATGCGGAA
HH_A_01,ATCCGCTT ,GTGTCTCT
HH_B_01,ACGATGCT ,AGCAAGGT
HH_C_01,CAGTTCTC ,GGTAGCAA
HH_D_01,CATGACGT ,AGGTGATG
HH_E_01,TGGTGAAG ,CTGTACTC
HH_F_01,AGACGTCT ,GCATGGAA
HH_G_01,CGCGTATA ,CGTTCGTT
HH_H_01,TGCTTGGA ,GTTGGTAC
HH_A_02,ATCCGCTT ,TAGGAACG
HH_B_02,ACGATGCT ,GTCACACA
HH_C_02,CAGTTCTC ,GTCTACTC
HH_D_02,CATGACGT ,CTAGGTTG
HH_E_02,TGGTGAAG ,CGAACGAA
HH_F_02,AGACGTCT ,CTTGCTTG
HH_G_02,CGCGTATA ,GGAACGAT
HH_H_02,TGCTTGGA ,GACAGAGT
HH_A_03,ATCCGCTT ,ATCCTAGG
HH_B_03,ACGATGCT ,CTCTCACA
HH_C_03,CAGTTCTC ,CTACCAAG
HH_D_03,CATGACGT ,GTACTGGT
HH_E_03,TGGTGAAG ,TGCACATG
HH_F_03,AGACGTCT ,CACAGTCA
HH_G_03,CGCGTATA ,CTAGGTAC
HH_H_03,TGCTTGGA ,GGTTGGTT
HH_A_04,ATCCGCTT ,ATAAGCGG
HH_B_04,ACGATGCT ,GTTGCTTC
HH_C_04,CAGTTCTC ,AGGTACGA
HH_D_04,CATGACGT ,TCTCTCTC
HH_E_04,TGGTGAAG ,TGTCGACA
HH_F_04,AGACGTCT ,TGCTGTAG
HH_G_04,CGCGTATA ,AGAGACAC
HH_H_04,TGCTTGGA ,GCATCCTT
HH_A_05,ATCCGCTT ,AGGTCTAC
HH_B_05,ACGATGCT ,CAGTGAGA
HH_C_05,CAGTTCTC ,GCAACGTT
HH_D_05,CATGACGT ,TGGTTCCT
HH_E_05,TGGTGAAG ,ATGCAACC
HH_F_05,AGACGTCT ,CTAGCAAC
HH_G_05,CGCGTATA ,GACATCTG
HH_H_05,TGCTTGGA ,CAACTCCT
HH_A_06,ATCCGCTT ,TCTGACTC
HH_B_06,ACGATGCT ,GACTACAC
HH_C_06,CAGTTCTC ,TGTGCTCT
HH_D_06,CATGACGT ,GTGTTGTG
HH_E_06,TGGTGAAG ,ATGGATCC
HH_F_06,AGACGTCT ,TCACTCAC
HH_G_06,CGCGTATA ,TCTCAGTC
HH_H_06,TGCTTGGA ,GTGACAGA
HH_A_07,ATCCGCTT ,AACCGGAA
HH_B_07,ACGATGCT ,CCATGCAA
HH_C_07,CAGTTCTC ,GAACCAAG
HH_D_07,CATGACGT ,AGTGTGTC
HH_E_07,TGGTGAAG ,TGGAGAAC
HH_F_07,AGACGTCT ,TAGGATGG
HH_G_07,CGCGTATA ,TTCCGGAA
HH_H_07,TGCTTGGA ,ATTAGGCC
HH_A_08,ATCCGCTT ,CGTTGGTA
HH_B_08,ACGATGCT ,TTCCTACG
HH_C_08,CAGTTCTC ,TCAGTGTG
HH_D_08,CATGACGT ,TCACCTCA
HH_E_08,TGGTGAAG ,GAGTTCAC
HH_F_08,AGACGTCT ,TCGAGTAC
HH_G_08,CGCGTATA ,TCCACAAG
HH_H_08,TGCTTGGA ,CAAGGTAG
HH_A_09,ATCCGCTT ,AGCTTGGT
HH_B_09,ACGATGCT ,CGTTCCTA
HH_C_09,CAGTTCTC ,TCCTTGCA
HH_D_09,CATGACGT ,GCATATGC
HH_E_09,TGGTGAAG ,AGCAGAAC
HH_F_09,AGACGTCT ,GTGATCTG
HH_G_09,CGCGTATA ,TTCCGCTA
HH_H_09,TGCTTGGA ,AATTGCCG
HH_A_10,ATCCGCTT ,ACTCTCAC
HH_B_10,ACGATGCT ,CCTAGCAA
HH_C_10,CAGTTCTC ,CATCTGCT
HH_D_10,CATGACGT ,TACCGGAT
HH_E_10,TGGTGAAG ,TACCTTGC
HH_F_10,AGACGTCT ,TCCTACGT
HH_G_10,CGCGTATA ,TCACAGAC
HH_H_10,TGCTTGGA ,TGGAGATG
HH_A_11,ATCCGCTT ,GAACGTTC
HH_B_11,ACGATGCT ,TGGAAGGT
HH_C_11,CAGTTCTC ,ATCCTTCG
HH_D_11,CATGACGT ,CAAGAGGT
HH_E_11,TGGTGAAG ,GAGATCAG
HH_F_11,AGACGTCT ,GCATGCTA
HH_G_11,CGCGTATA ,ACCTCTAC
HH_H_11,TGCTTGGA ,ATGGCGTT
HH_A_12,ATCCGCTT ,TCGTAGGT
HH_B_12,ACGATGCT ,TAGCTACG
HH_C_12,CAGTTCTC ,GTACGAAG
HH_D_12,CATGACGT ,AACCATCG
HH_E_12,TGGTGAAG ,ACAGCAGA
HH_F_12,AGACGTCT ,TACCGCTT
HH_G_12,CGCGTATA ,GAGTAGAC
HH_H_12,TGCTTGGA ,ATGCGGAA
II_A_01,TCCTTCCT ,GTGTCTCT
II_B_01,TAGCGCAT ,AGCAAGGT
II_C_01,GACAACTC ,GGTAGCAA
II_D_01,CCAATTCC ,AGGTGATG
II_E_01,CAAGCTAC ,CTGTACTC
II_F_01,CGCGATTA ,GCATGGAA
II_G_01,AGACGACA ,CGTTCGTT
II_H_01,TCTCAGAG ,GTTGGTAC
II_A_02,TCCTTCCT ,TAGGAACG
II_B_02,TAGCGCAT ,GTCACACA
II_C_02,GACAACTC ,GTCTACTC
II_D_02,CCAATTCC ,CTAGGTTG
II_E_02,CAAGCTAC ,CGAACGAA
II_F_02,CGCGATTA ,CTTGCTTG
II_G_02,AGACGACA ,GGAACGAT
II_H_02,TCTCAGAG ,GACAGAGT
II_A_03,TCCTTCCT ,ATCCTAGG
II_B_03,TAGCGCAT ,CTCTCACA
II_C_03,GACAACTC ,CTACCAAG
II_D_03,CCAATTCC ,GTACTGGT
II_E_03,CAAGCTAC ,TGCACATG
II_F_03,CGCGATTA ,CACAGTCA
II_G_03,AGACGACA ,CTAGGTAC
II_H_03,TCTCAGAG ,GGTTGGTT
II_A_04,TCCTTCCT ,ATAAGCGG
II_B_04,TAGCGCAT ,GTTGCTTC
II_C_04,GACAACTC ,AGGTACGA
II_D_04,CCAATTCC ,TCTCTCTC
II_E_04,CAAGCTAC ,TGTCGACA
II_F_04,CGCGATTA ,TGCTGTAG
II_G_04,AGACGACA ,AGAGACAC
II_H_04,TCTCAGAG ,GCATCCTT
II_A_05,TCCTTCCT ,AGGTCTAC
II_B_05,TAGCGCAT ,CAGTGAGA
II_C_05,GACAACTC ,GCAACGTT
II_D_05,CCAATTCC ,TGGTTCCT
II_E_05,CAAGCTAC ,ATGCAACC
II_F_05,CGCGATTA ,CTAGCAAC
II_G_05,AGACGACA ,GACATCTG
II_H_05,TCTCAGAG ,CAACTCCT
II_A_06,TCCTTCCT ,TCTGACTC
II_B_06,TAGCGCAT ,GACTACAC
II_C_06,GACAACTC ,TGTGCTCT
II_D_06,CCAATTCC ,GTGTTGTG
II_E_06,CAAGCTAC ,ATGGATCC
II_F_06,CGCGATTA ,TCACTCAC
II_G_06,AGACGACA ,TCTCAGTC
II_H_06,TCTCAGAG ,GTGACAGA
II_A_07,TCCTTCCT ,AACCGGAA
II_B_07,TAGCGCAT ,CCATGCAA
II_C_07,GACAACTC ,GAACCAAG
II_D_07,CCAATTCC ,AGTGTGTC
II_E_07,CAAGCTAC ,TGGAGAAC
II_F_07,CGCGATTA ,TAGGATGG
II_G_07,AGACGACA ,TTCCGGAA
II_H_07,TCTCAGAG ,ATTAGGCC
II_A_08,TCCTTCCT ,CGTTGGTA
II_B_08,TAGCGCAT ,TTCCTACG
II_C_08,GACAACTC ,TCAGTGTG
II_D_08,CCAATTCC ,TCACCTCA
II_E_08,CAAGCTAC ,GAGTTCAC
II_F_08,CGCGATTA ,TCGAGTAC
II_G_08,AGACGACA ,TCCACAAG
II_H_08,TCTCAGAG ,CAAGGTAG
II_A_09,TCCTTCCT ,AGCTTGGT
II_B_09,TAGCGCAT ,CGTTCCTA
II_C_09,GACAACTC ,TCCTTGCA
II_D_09,CCAATTCC ,GCATATGC
II_E_09,CAAGCTAC ,AGCAGAAC
II_F_09,CGCGATTA ,GTGATCTG
II_G_09,AGACGACA ,TTCCGCTA
II_H_09,TCTCAGAG ,AATTGCCG
II_A_10,TCCTTCCT ,ACTCTCAC
II_B_10,TAGCGCAT ,CCTAGCAA
II_C_10,GACAACTC ,CATCTGCT
II_D_10,CCAATTCC ,TACCGGAT
II_E_10,CAAGCTAC ,TACCTTGC
II_F_10,CGCGATTA ,TCCTACGT
II_G_10,AGACGACA ,TCACAGAC
II_H_10,TCTCAGAG ,TGGAGATG
II_A_11,TCCTTCCT ,GAACGTTC
II_B_11,TAGCGCAT ,TGGAAGGT
II_C_11,GACAACTC ,ATCCTTCG
II_D_11,CCAATTCC ,CAAGAGGT
II_E_11,CAAGCTAC ,GAGATCAG
II_F_11,CGCGATTA ,GCATGCTA
II_G_11,AGACGACA ,ACCTCTAC
II_H_11,TCTCAGAG ,ATGGCGTT
II_A_12,TCCTTCCT ,TCGTAGGT
II_B_12,TAGCGCAT ,TAGCTACG
II_C_12,GACAACTC ,GTACGAAG
II_D_12,CCAATTCC ,AACCATCG
II_E_12,CAAGCTAC ,ACAGCAGA
II_F_12,CGCGATTA ,TACCGCTT
II_G_12,AGACGACA ,GAGTAGAC
II_H_12,TCTCAGAG ,ATGCGGAA
JJ_A_01,GTGACTGT ,GTGTCTCT
JJ_B_01,CAACTGCA ,AGCAAGGT
JJ_C_01,TACGGCTA ,GGTAGCAA
JJ_D_01,CACTTGTC ,AGGTGATG
JJ_E_01,AGTCCACA ,CTGTACTC
JJ_F_01,TCTGGAGT ,GCATGGAA
JJ_G_01,ACGAGAAC ,CGTTCGTT
JJ_H_01,TTCCAAGG ,GTTGGTAC
JJ_A_02,GTGACTGT ,TAGGAACG
JJ_B_02,CAACTGCA ,GTCACACA
JJ_C_02,TACGGCTA ,GTCTACTC
JJ_D_02,CACTTGTC ,CTAGGTTG
JJ_E_02,AGTCCACA ,CGAACGAA
JJ_F_02,TCTGGAGT ,CTTGCTTG
JJ_G_02,ACGAGAAC ,GGAACGAT
JJ_H_02,TTCCAAGG ,GACAGAGT
JJ_A_03,GTGACTGT ,ATCCTAGG
JJ_B_03,CAACTGCA ,CTCTCACA
JJ_C_03,TACGGCTA ,CTACCAAG
JJ_D_03,CACTTGTC ,GTACTGGT
JJ_E_03,AGTCCACA ,TGCACATG
JJ_F_03,TCTGGAGT ,CACAGTCA
JJ_G_03,ACGAGAAC ,CTAGGTAC
JJ_H_03,TTCCAAGG ,GGTTGGTT
JJ_A_04,GTGACTGT ,ATAAGCGG
JJ_B_04,CAACTGCA ,GTTGCTTC
JJ_C_04,TACGGCTA ,AGGTACGA
JJ_D_04,CACTTGTC ,TCTCTCTC
JJ_E_04,AGTCCACA ,TGTCGACA
JJ_F_04,TCTGGAGT ,TGCTGTAG
JJ_G_04,ACGAGAAC ,AGAGACAC
JJ_H_04,TTCCAAGG ,GCATCCTT
JJ_A_05,GTGACTGT ,AGGTCTAC
JJ_B_05,CAACTGCA ,CAGTGAGA
JJ_C_05,TACGGCTA ,GCAACGTT
JJ_D_05,CACTTGTC ,TGGTTCCT
JJ_E_05,AGTCCACA ,ATGCAACC
JJ_F_05,TCTGGAGT ,CTAGCAAC
JJ_G_05,ACGAGAAC ,GACATCTG
JJ_H_05,TTCCAAGG ,CAACTCCT
JJ_A_06,GTGACTGT ,TCTGACTC
JJ_B_06,CAACTGCA ,GACTACAC
JJ_C_06,TACGGCTA ,TGTGCTCT
JJ_D_06,CACTTGTC ,GTGTTGTG
JJ_E_06,AGTCCACA ,ATGGATCC
JJ_F_06,TCTGGAGT ,TCACTCAC
JJ_G_06,ACGAGAAC ,TCTCAGTC
JJ_H_06,TTCCAAGG ,GTGACAGA
JJ_A_07,GTGACTGT ,AACCGGAA
JJ_B_07,CAACTGCA ,CCATGCAA
JJ_C_07,TACGGCTA ,GAACCAAG
JJ_D_07,CACTTGTC ,AGTGTGTC
JJ_E_07,AGTCCACA ,TGGAGAAC
JJ_F_07,TCTGGAGT ,TAGGATGG
JJ_G_07,ACGAGAAC ,TTCCGGAA
JJ_H_07,TTCCAAGG ,ATTAGGCC
JJ_A_08,GTGACTGT ,CGTTGGTA
JJ_B_08,CAACTGCA ,TTCCTACG
JJ_C_08,TACGGCTA ,TCAGTGTG
JJ_D_08,CACTTGTC ,TCACCTCA
JJ_E_08,AGTCCACA ,GAGTTCAC
JJ_F_08,TCTGGAGT ,TCGAGTAC
JJ_G_08,ACGAGAAC ,TCCACAAG
JJ_H_08,TTCCAAGG ,CAAGGTAG
JJ_A_09,GTGACTGT ,AGCTTGGT
JJ_B_09,CAACTGCA ,CGTTCCTA
JJ_C_09,TACGGCTA ,TCCTTGCA
JJ_D_09,CACTTGTC ,GCATATGC
JJ_E_09,AGTCCACA ,AGCAGAAC
JJ_F_09,TCTGGAGT ,GTGATCTG
JJ_G_09,ACGAGAAC ,TTCCGCTA
JJ_H_09,TTCCAAGG ,AATTGCCG
JJ_A_10,GTGACTGT ,ACTCTCAC
JJ_B_10,CAACTGCA ,CCTAGCAA
JJ_C_10,TACGGCTA ,CATCTGCT
JJ_D_10,CACTTGTC ,TACCGGAT
JJ_E_10,AGTCCACA ,TACCTTGC
JJ_F_10,TCTGGAGT ,TCCTACGT
JJ_G_10,ACGAGAAC ,TCACAGAC
JJ_H_10,TTCCAAGG ,TGGAGATG
JJ_A_11,GTGACTGT ,GAACGTTC
JJ_B_11,CAACTGCA ,TGGAAGGT
JJ_C_11,TACGGCTA ,ATCCTTCG
JJ_D_11,CACTTGTC ,CAAGAGGT
JJ_E_11,AGTCCACA ,GAGATCAG
JJ_F_11,TCTGGAGT ,GCATGCTA
JJ_G_11,ACGAGAAC ,ACCTCTAC
JJ_H_11,TTCCAAGG ,ATGGCGTT
JJ_A_12,GTGACTGT ,TCGTAGGT
JJ_B_12,CAACTGCA ,TAGCTACG
JJ_C_12,TACGGCTA ,GTACGAAG
JJ_D_12,CACTTGTC ,AACCATCG
JJ_E_12,AGTCCACA ,ACAGCAGA
JJ_F_12,TCTGGAGT ,TACCGCTT
JJ_G_12,ACGAGAAC ,GAGTAGAC
JJ_H_12,TTCCAAGG ,ATGCGGAA
KK_A_01,CTCACACT ,GTGTCTCT
KK_B_01,CTGATCTC ,AGCAAGGT
KK_C_01,GATCCTAG ,GGTAGCAA
KK_D_01,TCCTAGGA ,AGGTGATG
KK_E_01,CGCCTTAT ,CTGTACTC
KK_F_01,AACGATCC ,GCATGGAA
KK_G_01,CTTGTGCT ,CGTTCGTT
KK_H_01,TAGGCCTA ,GTTGGTAC
KK_A_02,CTCACACT ,TAGGAACG
KK_B_02,CTGATCTC ,GTCACACA
KK_C_02,GATCCTAG ,GTCTACTC
KK_D_02,TCCTAGGA ,CTAGGTTG
KK_E_02,CGCCTTAT ,CGAACGAA
KK_F_02,AACGATCC ,CTTGCTTG
KK_G_02,CTTGTGCT ,GGAACGAT
KK_H_02,TAGGCCTA ,GACAGAGT
KK_A_03,CTCACACT ,ATCCTAGG
KK_B_03,CTGATCTC ,CTCTCACA
KK_C_03,GATCCTAG ,CTACCAAG
KK_D_03,TCCTAGGA ,GTACTGGT
KK_E_03,CGCCTTAT ,TGCACATG
KK_F_03,AACGATCC ,CACAGTCA
KK_G_03,CTTGTGCT ,CTAGGTAC
KK_H_03,TAGGCCTA ,GGTTGGTT
KK_A_04,CTCACACT ,ATAAGCGG
KK_B_04,CTGATCTC ,GTTGCTTC
KK_C_04,GATCCTAG ,AGGTACGA
KK_D_04,TCCTAGGA ,TCTCTCTC
KK_E_04,CGCCTTAT ,TGTCGACA
KK_F_04,AACGATCC ,TGCTGTAG
KK_G_04,CTTGTGCT ,AGAGACAC
KK_H_04,TAGGCCTA ,GCATCCTT
KK_A_05,CTCACACT ,AGGTCTAC
KK_B_05,CTGATCTC ,CAGTGAGA
KK_C_05,GATCCTAG ,GCAACGTT
KK_D_05,TCCTAGGA ,TGGTTCCT
KK_E_05,CGCCTTAT ,ATGCAACC
KK_F_05,AACGATCC ,CTAGCAAC
KK_G_05,CTTGTGCT ,GACATCTG
KK_H_05,TAGGCCTA ,CAACTCCT
KK_A_06,CTCACACT ,TCTGACTC
KK_B_06,CTGATCTC ,GACTACAC
KK_C_06,GATCCTAG ,TGTGCTCT
KK_D_06,TCCTAGGA ,GTGTTGTG
KK_E_06,CGCCTTAT ,ATGGATCC
KK_F_06,AACGATCC ,TCACTCAC
KK_G_06,CTTGTGCT ,TCTCAGTC
KK_H_06,TAGGCCTA ,GTGACAGA
KK_A_07,CTCACACT ,AACCGGAA
KK_B_07,CTGATCTC ,CCATGCAA
KK_C_07,GATCCTAG ,GAACCAAG
KK_D_07,TCCTAGGA ,AGTGTGTC
KK_E_07,CGCCTTAT ,TGGAGAAC
KK_F_07,AACGATCC ,TAGGATGG
KK_G_07,CTTGTGCT ,TTCCGGAA
KK_H_07,TAGGCCTA ,ATTAGGCC
KK_A_08,CTCACACT ,CGTTGGTA
KK_B_08,CTGATCTC ,TTCCTACG
KK_C_08,GATCCTAG ,TCAGTGTG
KK_D_08,TCCTAGGA ,TCACCTCA
KK_E_08,CGCCTTAT ,GAGTTCAC
KK_F_08,AACGATCC ,TCGAGTAC
KK_G_08,CTTGTGCT ,TCCACAAG
KK_H_08,TAGGCCTA ,CAAGGTAG
KK_A_09,CTCACACT ,AGCTTGGT
KK_B_09,CTGATCTC ,CGTTCCTA
KK_C_09,GATCCTAG ,TCCTTGCA
KK_D_09,TCCTAGGA ,GCATATGC
KK_E_09,CGCCTTAT ,AGCAGAAC
KK_F_09,AACGATCC ,GTGATCTG
KK_G_09,CTTGTGCT ,TTCCGCTA
KK_H_09,TAGGCCTA ,AATTGCCG
KK_A_10,CTCACACT ,ACTCTCAC
KK_B_10,CTGATCTC ,CCTAGCAA
KK_C_10,GATCCTAG ,CATCTGCT
KK_D_10,TCCTAGGA ,TACCGGAT
KK_E_10,CGCCTTAT ,TACCTTGC
KK_F_10,AACGATCC ,TCCTACGT
KK_G_10,CTTGTGCT ,TCACAGAC
KK_H_10,TAGGCCTA ,TGGAGATG
KK_A_11,CTCACACT ,GAACGTTC
KK_B_11,CTGATCTC ,TGGAAGGT
KK_C_11,GATCCTAG ,ATCCTTCG
KK_D_11,TCCTAGGA ,CAAGAGGT
KK_E_11,CGCCTTAT ,GAGATCAG
KK_F_11,AACGATCC ,GCATGCTA
KK_G_11,CTTGTGCT ,ACCTCTAC
KK_H_11,TAGGCCTA ,ATGGCGTT
KK_A_12,CTCACACT ,TCGTAGGT
KK_B_12,CTGATCTC ,TAGCTACG
KK_C_12,GATCCTAG ,GTACGAAG
KK_D_12,TCCTAGGA ,AACCATCG
KK_E_12,CGCCTTAT ,ACAGCAGA
KK_F_12,AACGATCC ,TACCGCTT
KK_G_12,CTTGTGCT ,GAGTAGAC
KK_H_12,TAGGCCTA ,ATGCGGAA
LL_A_01,GTAGCTTG ,GTGTCTCT
LL_B_01,AACCATCG ,AGCAAGGT
LL_C_01,TGGACTAC ,GGTAGCAA
LL_D_01,GAAGACCA ,AGGTGATG
LL_E_01,GTCTCACT ,CTGTACTC
LL_F_01,TACGATCG ,GCATGGAA
LL_G_01,CCATTAGG ,CGTTCGTT
LL_H_01,TCTGCTCA ,GTTGGTAC
LL_A_02,GTAGCTTG ,TAGGAACG
LL_B_02,AACCATCG ,GTCACACA
LL_C_02,TGGACTAC ,GTCTACTC
LL_D_02,GAAGACCA ,CTAGGTTG
LL_E_02,GTCTCACT ,CGAACGAA
LL_F_02,TACGATCG ,CTTGCTTG
LL_G_02,CCATTAGG ,GGAACGAT
LL_H_02,TCTGCTCA ,GACAGAGT
LL_A_03,GTAGCTTG ,ATCCTAGG
LL_B_03,AACCATCG ,CTCTCACA
LL_C_03,TGGACTAC ,CTACCAAG
LL_D_03,GAAGACCA ,GTACTGGT
LL_E_03,GTCTCACT ,TGCACATG
LL_F_03,TACGATCG ,CACAGTCA
LL_G_03,CCATTAGG ,CTAGGTAC
LL_H_03,TCTGCTCA ,GGTTGGTT
LL_A_04,GTAGCTTG ,ATAAGCGG
LL_B_04,AACCATCG ,GTTGCTTC
LL_C_04,TGGACTAC ,AGGTACGA
LL_D_04,GAAGACCA ,TCTCTCTC
LL_E_04,GTCTCACT ,TGTCGACA
LL_F_04,TACGATCG ,TGCTGTAG
LL_G_04,CCATTAGG ,AGAGACAC
LL_H_04,TCTGCTCA ,GCATCCTT
LL_A_05,GTAGCTTG ,AGGTCTAC
LL_B_05,AACCATCG ,CAGTGAGA
LL_C_05,TGGACTAC ,GCAACGTT
LL_D_05,GAAGACCA ,TGGTTCCT
LL_E_05,GTCTCACT ,ATGCAACC
LL_F_05,TACGATCG ,CTAGCAAC
LL_G_05,CCATTAGG ,GACATCTG
LL_H_05,TCTGCTCA ,CAACTCCT
LL_A_06,GTAGCTTG ,TCTGACTC
LL_B_06,AACCATCG ,GACTACAC
LL_C_06,TGGACTAC ,TGTGCTCT
LL_D_06,GAAGACCA ,GTGTTGTG
LL_E_06,GTCTCACT ,ATGGATCC
LL_F_06,TACGATCG ,TCACTCAC
LL_G_06,CCATTAGG ,TCTCAGTC
LL_H_06,TCTGCTCA ,GTGACAGA
LL_A_07,GTAGCTTG ,AACCGGAA
LL_B_07,AACCATCG ,CCATGCAA
LL_C_07,TGGACTAC ,GAACCAAG
LL_D_07,GAAGACCA ,AGTGTGTC
LL_E_07,GTCTCACT ,TGGAGAAC
LL_F_07,TACGATCG ,TAGGATGG
LL_G_07,CCATTAGG ,TTCCGGAA
LL_H_07,TCTGCTCA ,ATTAGGCC
LL_A_08,GTAGCTTG ,CGTTGGTA
LL_B_08,AACCATCG ,TTCCTACG
LL_C_08,TGGACTAC ,TCAGTGTG
LL_D_08,GAAGACCA ,TCACCTCA
LL_E_08,GTCTCACT ,GAGTTCAC
LL_F_08,TACGATCG ,TCGAGTAC
LL_G_08,CCATTAGG ,TCCACAAG
LL_H_08,TCTGCTCA ,CAAGGTAG
LL_A_09,GTAGCTTG ,AGCTTGGT
LL_B_09,AACCATCG ,CGTTCCTA
LL_C_09,TGGACTAC ,TCCTTGCA
LL_D_09,GAAGACCA ,GCATATGC
LL_E_09,GTCTCACT ,AGCAGAAC
LL_F_09,TACGATCG ,GTGATCTG
LL_G_09,CCATTAGG ,TTCCGCTA
LL_H_09,TCTGCTCA ,AATTGCCG
LL_A_10,GTAGCTTG ,ACTCTCAC
LL_B_10,AACCATCG ,CCTAGCAA
LL_C_10,TGGACTAC ,CATCTGCT
LL_D_10,GAAGACCA ,TACCGGAT
LL_E_10,GTCTCACT ,TACCTTGC
LL_F_10,TACGATCG ,TCCTACGT
LL_G_10,CCATTAGG ,TCACAGAC
LL_H_10,TCTGCTCA ,TGGAGATG
LL_A_11,GTAGCTTG ,GAACGTTC
LL_B_11,AACCATCG ,TGGAAGGT
LL_C_11,TGGACTAC ,ATCCTTCG
LL_D_11,GAAGACCA ,CAAGAGGT
LL_E_11,GTCTCACT ,GAGATCAG
LL_F_11,TACGATCG ,GCATGCTA
LL_G_11,CCATTAGG ,ACCTCTAC
LL_H_11,TCTGCTCA ,ATGGCGTT
LL_A_12,GTAGCTTG ,TCGTAGGT
LL_B_12,AACCATCG ,TAGCTACG
LL_C_12,TGGACTAC ,GTACGAAG
LL_D_12,GAAGACCA ,AACCATCG
LL_E_12,GTCTCACT ,ACAGCAGA
LL_F_12,TACGATCG ,TACCGCTT
LL_G_12,CCATTAGG ,GAGTAGAC
LL_H_12,TCTGCTCA ,ATGCGGAA
MM_A_01,TCAGCACA ,GTGTCTCT
MM_B_01,CATGTGCA ,AGCAAGGT
MM_C_01,CACTCACT ,GGTAGCAA
MM_D_01,TGTCCTCA ,AGGTGATG
MM_E_01,AGCTCTTC ,CTGTACTC
MM_F_01,TGAGGTCT ,GCATGGAA
MM_G_01,GACTGTGT ,CGTTCGTT
MM_H_01,TCTGTCTG ,GTTGGTAC
MM_A_02,TCAGCACA ,TAGGAACG
MM_B_02,CATGTGCA ,GTCACACA
MM_C_02,CACTCACT ,GTCTACTC
MM_D_02,TGTCCTCA ,CTAGGTTG
MM_E_02,AGCTCTTC ,CGAACGAA
MM_F_02,TGAGGTCT ,CTTGCTTG
MM_G_02,GACTGTGT ,GGAACGAT
MM_H_02,TCTGTCTG ,GACAGAGT
MM_A_03,TCAGCACA ,ATCCTAGG
MM_B_03,CATGTGCA ,CTCTCACA
MM_C_03,CACTCACT ,CTACCAAG
MM_D_03,TGTCCTCA ,GTACTGGT
MM_E_03,AGCTCTTC ,TGCACATG
MM_F_03,TGAGGTCT ,CACAGTCA
MM_G_03,GACTGTGT ,CTAGGTAC
MM_H_03,TCTGTCTG ,GGTTGGTT
MM_A_04,TCAGCACA ,ATAAGCGG
MM_B_04,CATGTGCA ,GTTGCTTC
MM_C_04,CACTCACT ,AGGTACGA
MM_D_04,TGTCCTCA ,TCTCTCTC
MM_E_04,AGCTCTTC ,TGTCGACA
MM_F_04,TGAGGTCT ,TGCTGTAG
MM_G_04,GACTGTGT ,AGAGACAC
MM_H_04,TCTGTCTG ,GCATCCTT
MM_A_05,TCAGCACA ,AGGTCTAC
MM_B_05,CATGTGCA ,CAGTGAGA
MM_C_05,CACTCACT ,GCAACGTT
MM_D_05,TGTCCTCA ,TGGTTCCT
MM_E_05,AGCTCTTC ,ATGCAACC
MM_F_05,TGAGGTCT ,CTAGCAAC
MM_G_05,GACTGTGT ,GACATCTG
MM_H_05,TCTGTCTG ,CAACTCCT
MM_A_06,TCAGCACA ,TCTGACTC
MM_B_06,CATGTGCA ,GACTACAC
MM_C_06,CACTCACT ,TGTGCTCT
MM_D_06,TGTCCTCA ,GTGTTGTG
MM_E_06,AGCTCTTC ,ATGGATCC
MM_F_06,TGAGGTCT ,TCACTCAC
MM_G_06,GACTGTGT ,TCTCAGTC
MM_H_06,TCTGTCTG ,GTGACAGA
MM_A_07,TCAGCACA ,AACCGGAA
MM_B_07,CATGTGCA ,CCATGCAA
MM_C_07,CACTCACT ,GAACCAAG
MM_D_07,TGTCCTCA ,AGTGTGTC
MM_E_07,AGCTCTTC ,TGGAGAAC
MM_F_07,TGAGGTCT ,TAGGATGG
MM_G_07,GACTGTGT ,TTCCGGAA
MM_H_07,TCTGTCTG ,ATTAGGCC
MM_A_08,TCAGCACA ,CGTTGGTA
MM_B_08,CATGTGCA ,TTCCTACG
MM_C_08,CACTCACT ,TCAGTGTG
MM_D_08,TGTCCTCA ,TCACCTCA
MM_E_08,AGCTCTTC ,GAGTTCAC
MM_F_08,TGAGGTCT ,TCGAGTAC
MM_G_08,GACTGTGT ,TCCACAAG
MM_H_08,TCTGTCTG ,CAAGGTAG
MM_A_09,TCAGCACA ,AGCTTGGT
MM_B_09,CATGTGCA ,CGTTCCTA
MM_C_09,CACTCACT ,TCCTTGCA
MM_D_09,TGTCCTCA ,GCATATGC
MM_E_09,AGCTCTTC ,AGCAGAAC
MM_F_09,TGAGGTCT ,GTGATCTG
MM_G_09,GACTGTGT ,TTCCGCTA
MM_H_09,TCTGTCTG ,AATTGCCG
MM_A_10,TCAGCACA ,ACTCTCAC
MM_B_10,CATGTGCA ,CCTAGCAA
MM_C_10,CACTCACT ,CATCTGCT
MM_D_10,TGTCCTCA ,TACCGGAT
MM_E_10,AGCTCTTC ,TACCTTGC
MM_F_10,TGAGGTCT ,TCCTACGT
MM_G_10,GACTGTGT ,TCACAGAC
MM_H_10,TCTGTCTG ,TGGAGATG
MM_A_11,TCAGCACA ,GAACGTTC
MM_B_11,CATGTGCA ,TGGAAGGT
MM_C_11,CACTCACT ,ATCCTTCG
MM_D_11,TGTCCTCA ,CAAGAGGT
MM_E_11,AGCTCTTC ,GAGATCAG
MM_F_11,TGAGGTCT ,GCATGCTA
MM_G_11,GACTGTGT ,ACCTCTAC
MM_H_11,TCTGTCTG ,ATGGCGTT
MM_A_12,TCAGCACA ,TCGTAGGT
MM_B_12,CATGTGCA ,TAGCTACG
MM_C_12,CACTCACT ,GTACGAAG
MM_D_12,TGTCCTCA ,AACCATCG
MM_E_12,AGCTCTTC ,ACAGCAGA
MM_F_12,TGAGGTCT ,TACCGCTT
MM_G_12,GACTGTGT ,GAGTAGAC
MM_H_12,TCTGTCTG ,ATGCGGAA
NN_A_01,AGACTGTC ,GTGTCTCT
NN_B_01,ATCGAACC ,AGCAAGGT
NN_C_01,TTATCGCC ,GGTAGCAA
NN_D_01,TGACCACA ,AGGTGATG
NN_E_01,CACTGACA ,CTGTACTC
NN_F_01,AACGCCAT ,GCATGGAA
NN_G_01,CACTCAGA ,CGTTCGTT
NN_H_01,GACTGTCA ,GTTGGTAC
NN_A_02,AGACTGTC ,TAGGAACG
NN_B_02,ATCGAACC ,GTCACACA
NN_C_02,TTATCGCC ,GTCTACTC
NN_D_02,TGACCACA ,CTAGGTTG
NN_E_02,CACTGACA ,CGAACGAA
NN_F_02,AACGCCAT ,CTTGCTTG
NN_G_02,CACTCAGA ,GGAACGAT
NN_H_02,GACTGTCA ,GACAGAGT
NN_A_03,AGACTGTC ,ATCCTAGG
NN_B_03,ATCGAACC ,CTCTCACA
NN_C_03,TTATCGCC ,CTACCAAG
NN_D_03,TGACCACA ,GTACTGGT
NN_E_03,CACTGACA ,TGCACATG
NN_F_03,AACGCCAT ,CACAGTCA
NN_G_03,CACTCAGA ,CTAGGTAC
NN_H_03,GACTGTCA ,GGTTGGTT
NN_A_04,AGACTGTC ,ATAAGCGG
NN_B_04,ATCGAACC ,GTTGCTTC
NN_C_04,TTATCGCC ,AGGTACGA
NN_D_04,TGACCACA ,TCTCTCTC
NN_E_04,CACTGACA ,TGTCGACA
NN_F_04,AACGCCAT ,TGCTGTAG
NN_G_04,CACTCAGA ,AGAGACAC
NN_H_04,GACTGTCA ,GCATCCTT
NN_A_05,AGACTGTC ,AGGTCTAC
NN_B_05,ATCGAACC ,CAGTGAGA
NN_C_05,TTATCGCC ,GCAACGTT
NN_D_05,TGACCACA ,TGGTTCCT
NN_E_05,CACTGACA ,ATGCAACC
NN_F_05,AACGCCAT ,CTAGCAAC
NN_G_05,CACTCAGA ,GACATCTG
NN_H_05,GACTGTCA ,CAACTCCT
NN_A_06,AGACTGTC ,TCTGACTC
NN_B_06,ATCGAACC ,GACTACAC
NN_C_06,TTATCGCC ,TGTGCTCT
NN_D_06,TGACCACA ,GTGTTGTG
NN_E_06,CACTGACA ,ATGGATCC
NN_F_06,AACGCCAT ,TCACTCAC
NN_G_06,CACTCAGA ,TCTCAGTC
NN_H_06,GACTGTCA ,GTGACAGA
NN_A_07,AGACTGTC ,AACCGGAA
NN_B_07,ATCGAACC ,CCATGCAA
NN_C_07,TTATCGCC ,GAACCAAG
NN_D_07,TGACCACA ,AGTGTGTC
NN_E_07,CACTGACA ,TGGAGAAC
NN_F_07,AACGCCAT ,TAGGATGG
NN_G_07,CACTCAGA ,TTCCGGAA
NN_H_07,GACTGTCA ,ATTAGGCC
NN_A_08,AGACTGTC ,CGTTGGTA
NN_B_08,ATCGAACC ,TTCCTACG
NN_C_08,TTATCGCC ,TCAGTGTG
NN_D_08,TGACCACA ,TCACCTCA
NN_E_08,CACTGACA ,GAGTTCAC
NN_F_08,AACGCCAT ,TCGAGTAC
NN_G_08,CACTCAGA ,TCCACAAG
NN_H_08,GACTGTCA ,CAAGGTAG
NN_A_09,AGACTGTC ,AGCTTGGT
NN_B_09,ATCGAACC ,CGTTCCTA
NN_C_09,TTATCGCC ,TCCTTGCA
NN_D_09,TGACCACA ,GCATATGC
NN_E_09,CACTGACA ,AGCAGAAC
NN_F_09,AACGCCAT ,GTGATCTG
NN_G_09,CACTCAGA ,TTCCGCTA
NN_H_09,GACTGTCA ,AATTGCCG
NN_A_10,AGACTGTC ,ACTCTCAC
NN_B_10,ATCGAACC ,CCTAGCAA
NN_C_10,TTATCGCC ,CATCTGCT
NN_D_10,TGACCACA ,TACCGGAT
NN_E_10,CACTGACA ,TACCTTGC
NN_F_10,AACGCCAT ,TCCTACGT
NN_G_10,CACTCAGA ,TCACAGAC
NN_H_10,GACTGTCA ,TGGAGATG
NN_A_11,AGACTGTC ,GAACGTTC
NN_B_11,ATCGAACC ,TGGAAGGT
NN_C_11,TTATCGCC ,ATCCTTCG
NN_D_11,TGACCACA ,CAAGAGGT
NN_E_11,CACTGACA ,GAGATCAG
NN_F_11,AACGCCAT ,GCATGCTA
NN_G_11,CACTCAGA ,ACCTCTAC
NN_H_11,GACTGTCA ,ATGGCGTT
NN_A_12,AGACTGTC ,TCGTAGGT
NN_B_12,ATCGAACC ,TAGCTACG
NN_C_12,TTATCGCC ,GTACGAAG
NN_D_12,TGACCACA ,AACCATCG
NN_E_12,CACTGACA ,ACAGCAGA
NN_F_12,AACGCCAT ,TACCGCTT
NN_G_12,CACTCAGA ,GAGTAGAC
NN_H_12,GACTGTCA ,ATGCGGAA
OO_A_01,CCAACGTA,GTGTCTCT
OO_B_01,GTGAAGTG,AGCAAGGT
OO_C_01,TTGCTTGC,GGTAGCAA
OO_D_01,GATCTCCT,AGGTGATG
OO_E_01,CTGATCAG,CTGTACTC
OO_F_01,GAGAACAC,GCATGGAA
OO_G_01,CGAAGGAT,CGTTCGTT
OO_H_01,TCCAGAAC,GTTGGTAC
OO_A_02,CCAACGTA,TAGGAACG
OO_B_02,GTGAAGTG,GTCACACA
OO_C_02,TTGCTTGC,GTCTACTC
OO_D_02,GATCTCCT,CTAGGTTG
OO_E_02,CTGATCAG,CGAACGAA
OO_F_02,GAGAACAC,CTTGCTTG
OO_G_02,CGAAGGAT,GGAACGAT
OO_H_02,TCCAGAAC,GACAGAGT
OO_A_03,CCAACGTA,ATCCTAGG
OO_B_03,GTGAAGTG,CTCTCACA
OO_C_03,TTGCTTGC,CTACCAAG
OO_D_03,GATCTCCT,GTACTGGT
OO_E_03,CTGATCAG,TGCACATG
OO_F_03,GAGAACAC,CACAGTCA
OO_G_03,CGAAGGAT,CTAGGTAC
OO_H_03,TCCAGAAC,GGTTGGTT
OO_A_04,CCAACGTA,ATAAGCGG
OO_B_04,GTGAAGTG,GTTGCTTC
OO_C_04,TTGCTTGC,AGGTACGA
OO_D_04,GATCTCCT,TCTCTCTC
OO_E_04,CTGATCAG,TGTCGACA
OO_F_04,GAGAACAC,TGCTGTAG
OO_G_04,CGAAGGAT,AGAGACAC
OO_H_04,TCCAGAAC,GCATCCTT
OO_A_05,CCAACGTA,AGGTCTAC
OO_B_05,GTGAAGTG,CAGTGAGA
OO_C_05,TTGCTTGC,GCAACGTT
OO_D_05,GATCTCCT,TGGTTCCT
OO_E_05,CTGATCAG,ATGCAACC
OO_F_05,GAGAACAC,CTAGCAAC
OO_G_05,CGAAGGAT,GACATCTG
OO_H_05,TCCAGAAC,CAACTCCT
OO_A_06,CCAACGTA,TCTGACTC
OO_B_06,GTGAAGTG,GACTACAC
OO_C_06,TTGCTTGC,TGTGCTCT
OO_D_06,GATCTCCT,GTGTTGTG
OO_E_06,CTGATCAG,ATGGATCC
OO_F_06,GAGAACAC,TCACTCAC
OO_G_06,CGAAGGAT,TCTCAGTC
OO_H_06,TCCAGAAC,GTGACAGA
OO_A_07,CCAACGTA,AACCGGAA
OO_B_07,GTGAAGTG,CCATGCAA
OO_C_07,TTGCTTGC,GAACCAAG
OO_D_07,GATCTCCT,AGTGTGTC
OO_E_07,CTGATCAG,TGGAGAAC
OO_F_07,GAGAACAC,TAGGATGG
OO_G_07,CGAAGGAT,TTCCGGAA
OO_H_07,TCCAGAAC,ATTAGGCC
OO_A_08,CCAACGTA,CGTTGGTA
OO_B_08,GTGAAGTG,TTCCTACG
OO_C_08,TTGCTTGC,TCAGTGTG
OO_D_08,GATCTCCT,TCACCTCA
OO_E_08,CTGATCAG,GAGTTCAC
OO_F_08,GAGAACAC,TCGAGTAC
OO_G_08,CGAAGGAT,TCCACAAG
OO_H_08,TCCAGAAC,CAAGGTAG
OO_A_09,CCAACGTA,AGCTTGGT
OO_B_09,GTGAAGTG,CGTTCCTA
OO_C_09,TTGCTTGC,TCCTTGCA
OO_D_09,GATCTCCT,GCATATGC
OO_E_09,CTGATCAG,AGCAGAAC
OO_F_09,GAGAACAC,GTGATCTG
OO_G_09,CGAAGGAT,TTCCGCTA
OO_H_09,TCCAGAAC,AATTGCCG
OO_A_10,CCAACGTA,ACTCTCAC
OO_B_10,GTGAAGTG,CCTAGCAA
OO_C_10,TTGCTTGC,CATCTGCT
OO_D_10,GATCTCCT,TACCGGAT
OO_E_10,CTGATCAG,TACCTTGC
OO_F_10,GAGAACAC,TCCTACGT
OO_G_10,CGAAGGAT,TCACAGAC
OO_H_10,TCCAGAAC,TGGAGATG
OO_A_11,CCAACGTA,GAACGTTC
OO_B_11,GTGAAGTG,TGGAAGGT
OO_C_11,TTGCTTGC,ATCCTTCG
OO_D_11,GATCTCCT,CAAGAGGT
OO_E_11,CTGATCAG,GAGATCAG
OO_F_11,GAGAACAC,GCATGCTA
OO_G_11,CGAAGGAT,ACCTCTAC
OO_H_11,TCCAGAAC,ATGGCGTT
OO_A_12,CCAACGTA,TCGTAGGT
OO_B_12,GTGAAGTG,TAGCTACG
OO_C_12,TTGCTTGC,GTACGAAG
OO_D_12,GATCTCCT,AACCATCG
OO_E_12,CTGATCAG,ACAGCAGA
OO_F_12,GAGAACAC,TACCGCTT
OO_G_12,CGAAGGAT,GAGTAGAC
OO_H_12,TCCAGAAC,ATGCGGAA
PP_A_01,CATCTGGA,GTGTCTCT
PP_B_01,GTCTGTGA,AGCAAGGT
PP_C_01,TACCGCAA,GGTAGCAA
PP_D_01,GGATAAGC,AGGTGATG
PP_E_01,CTCTGTCA,CTGTACTC
PP_F_01,TCACACTC,GCATGGAA
PP_G_01,GTTCGTAG,CGTTCGTT
PP_H_01,AGCAGTAG,GTTGGTAC
PP_A_02,CATCTGGA,TAGGAACG
PP_B_02,GTCTGTGA,GTCACACA
PP_C_02,TACCGCAA,GTCTACTC
PP_D_02,GGATAAGC,CTAGGTTG
PP_E_02,CTCTGTCA,CGAACGAA
PP_F_02,TCACACTC,CTTGCTTG
PP_G_02,GTTCGTAG,GGAACGAT
PP_H_02,AGCAGTAG,GACAGAGT
PP_A_03,CATCTGGA,ATCCTAGG
PP_B_03,GTCTGTGA,CTCTCACA
PP_C_03,TACCGCAA,CTACCAAG
PP_D_03,GGATAAGC,GTACTGGT
PP_E_03,CTCTGTCA,TGCACATG
PP_F_03,TCACACTC,CACAGTCA
PP_G_03,GTTCGTAG,CTAGGTAC
PP_H_03,AGCAGTAG,GGTTGGTT
PP_A_04,CATCTGGA,ATAAGCGG
PP_B_04,GTCTGTGA,GTTGCTTC
PP_C_04,TACCGCAA,AGGTACGA
PP_D_04,GGATAAGC,TCTCTCTC
PP_E_04,CTCTGTCA,TGTCGACA
PP_F_04,TCACACTC,TGCTGTAG
PP_G_04,GTTCGTAG,AGAGACAC
PP_H_04,AGCAGTAG,GCATCCTT
PP_A_05,CATCTGGA,AGGTCTAC
PP_B_05,GTCTGTGA,CAGTGAGA
PP_C_05,TACCGCAA,GCAACGTT
PP_D_05,GGATAAGC,TGGTTCCT
PP_E_05,CTCTGTCA,ATGCAACC
PP_F_05,TCACACTC,CTAGCAAC
PP_G_05,GTTCGTAG,GACATCTG
PP_H_05,AGCAGTAG,CAACTCCT
PP_A_06,CATCTGGA,TCTGACTC
PP_B_06,GTCTGTGA,GACTACAC
PP_C_06,TACCGCAA,TGTGCTCT
PP_D_06,GGATAAGC,GTGTTGTG
PP_E_06,CTCTGTCA,ATGGATCC
PP_F_06,TCACACTC,TCACTCAC
PP_G_06,GTTCGTAG,TCTCAGTC
PP_H_06,AGCAGTAG,GTGACAGA
PP_A_07,CATCTGGA,AACCGGAA
PP_B_07,GTCTGTGA,CCATGCAA
PP_C_07,TACCGCAA,GAACCAAG
PP_D_07,GGATAAGC,AGTGTGTC
PP_E_07,CTCTGTCA,TGGAGAAC
PP_F_07,TCACACTC,TAGGATGG
PP_G_07,GTTCGTAG,TTCCGGAA
PP_H_07,AGCAGTAG,ATTAGGCC
PP_A_08,CATCTGGA,CGTTGGTA
PP_B_08,GTCTGTGA,TTCCTACG
PP_C_08,TACCGCAA,TCAGTGTG
PP_D_08,GGATAAGC,TCACCTCA
PP_E_08,CTCTGTCA,GAGTTCAC
PP_F_08,TCACACTC,TCGAGTAC
PP_G_08,GTTCGTAG,TCCACAAG
PP_H_08,AGCAGTAG,CAAGGTAG
PP_A_09,CATCTGGA,AGCTTGGT
PP_B_09,GTCTGTGA,CGTTCCTA
PP_C_09,TACCGCAA,TCCTTGCA
PP_D_09,GGATAAGC,GCATATGC
PP_E_09,CTCTGTCA,AGCAGAAC
PP_F_09,TCACACTC,GTGATCTG
PP_G_09,GTTCGTAG,TTCCGCTA
PP_H_09,AGCAGTAG,AATTGCCG
PP_A_10,CATCTGGA,ACTCTCAC
PP_B_10,GTCTGTGA,CCTAGCAA
PP_C_10,TACCGCAA,CATCTGCT
PP_D_10,GGATAAGC,TACCGGAT
PP_E_10,CTCTGTCA,TACCTTGC
PP_F_10,TCACACTC,TCCTACGT
PP_G_10,GTTCGTAG,TCACAGAC
PP_H_10,AGCAGTAG,TGGAGATG
PP_A_11,CATCTGGA,GAACGTTC
PP_B_11,GTCTGTGA,TGGAAGGT
PP_C_11,TACCGCAA,ATCCTTCG
PP_D_11,GGATAAGC,CAAGAGGT
PP_E_11,CTCTGTCA,GAGATCAG
PP_F_11,TCACACTC,GCATGCTA
PP_G_11,GTTCGTAG,ACCTCTAC
PP_H_11,AGCAGTAG,ATGGCGTT
PP_A_12,CATCTGGA,TCGTAGGT
PP_B_12,GTCTGTGA,TAGCTACG
PP_C_12,TACCGCAA,GTACGAAG
PP_D_12,GGATAAGC,AACCATCG
PP_E_12,CTCTGTCA,ACAGCAGA
PP_F_12,TCACACTC,TACCGCTT
PP_G_12,GTTCGTAG,GAGTAGAC
PP_H_12,AGCAGTAG,ATGCGGAA
QQ_A_01,GTGTAGTC,GTGTCTCT
QQ_B_01,GTGAGACA,AGCAAGGT
QQ_C_01,TTCCTTCC,GGTAGCAA
QQ_D_01,AAGCGCAA,AGGTGATG
QQ_E_01,ATCGAAGG,CTGTACTC
QQ_F_01,TCACACAG,GCATGGAA
QQ_G_01,ACTGGTGT,CGTTCGTT
QQ_H_01,CACAGAGA,GTTGGTAC
QQ_A_02,GTGTAGTC,TAGGAACG
QQ_B_02,GTGAGACA,GTCACACA
QQ_C_02,TTCCTTCC,GTCTACTC
QQ_D_02,AAGCGCAA,CTAGGTTG
QQ_E_02,ATCGAAGG,CGAACGAA
QQ_F_02,TCACACAG,CTTGCTTG
QQ_G_02,ACTGGTGT,GGAACGAT
QQ_H_02,CACAGAGA,GACAGAGT
QQ_A_03,GTGTAGTC,ATCCTAGG
QQ_B_03,GTGAGACA,CTCTCACA
QQ_C_03,TTCCTTCC,CTACCAAG
QQ_D_03,AAGCGCAA,GTACTGGT
QQ_E_03,ATCGAAGG,TGCACATG
QQ_F_03,TCACACAG,CACAGTCA
QQ_G_03,ACTGGTGT,CTAGGTAC
QQ_H_03,CACAGAGA,GGTTGGTT
QQ_A_04,GTGTAGTC,ATAAGCGG
QQ_B_04,GTGAGACA,GTTGCTTC
QQ_C_04,TTCCTTCC,AGGTACGA
QQ_D_04,AAGCGCAA,TCTCTCTC
QQ_E_04,ATCGAAGG,TGTCGACA
QQ_F_04,TCACACAG,TGCTGTAG
QQ_G_04,ACTGGTGT,AGAGACAC
QQ_H_04,CACAGAGA,GCATCCTT
QQ_A_05,GTGTAGTC,AGGTCTAC
QQ_B_05,GTGAGACA,CAGTGAGA
QQ_C_05,TTCCTTCC,GCAACGTT
QQ_D_05,AAGCGCAA,TGGTTCCT
QQ_E_05,ATCGAAGG,ATGCAACC
QQ_F_05,TCACACAG,CTAGCAAC
QQ_G_05,ACTGGTGT,GACATCTG
QQ_H_05,CACAGAGA,CAACTCCT
QQ_A_06,GTGTAGTC,TCTGACTC
QQ_B_06,GTGAGACA,GACTACAC
QQ_C_06,TTCCTTCC,TGTGCTCT
QQ_D_06,AAGCGCAA,GTGTTGTG
QQ_E_06,ATCGAAGG,ATGGATCC
QQ_F_06,TCACACAG,TCACTCAC
QQ_G_06,ACTGGTGT,TCTCAGTC
QQ_H_06,CACAGAGA,GTGACAGA
QQ_A_07,GTGTAGTC,AACCGGAA
QQ_B_07,GTGAGACA,CCATGCAA
QQ_C_07,TTCCTTCC,GAACCAAG
QQ_D_07,AAGCGCAA,AGTGTGTC
QQ_E_07,ATCGAAGG,TGGAGAAC
QQ_F_07,TCACACAG,TAGGATGG
QQ_G_07,ACTGGTGT,TTCCGGAA
QQ_H_07,CACAGAGA,ATTAGGCC
QQ_A_08,GTGTAGTC,CGTTGGTA
QQ_B_08,GTGAGACA,TTCCTACG
QQ_C_08,TTCCTTCC,TCAGTGTG
QQ_D_08,AAGCGCAA,TCACCTCA
QQ_E_08,ATCGAAGG,GAGTTCAC
QQ_F_08,TCACACAG,TCGAGTAC
QQ_G_08,ACTGGTGT,TCCACAAG
QQ_H_08,CACAGAGA,CAAGGTAG
QQ_A_09,GTGTAGTC,AGCTTGGT
QQ_B_09,GTGAGACA,CGTTCCTA
QQ_C_09,TTCCTTCC,TCCTTGCA
QQ_D_09,AAGCGCAA,GCATATGC
QQ_E_09,ATCGAAGG,AGCAGAAC
QQ_F_09,TCACACAG,GTGATCTG
QQ_G_09,ACTGGTGT,TTCCGCTA
QQ_H_09,CACAGAGA,AATTGCCG
QQ_A_10,GTGTAGTC,ACTCTCAC
QQ_B_10,GTGAGACA,CCTAGCAA
QQ_C_10,TTCCTTCC,CATCTGCT
QQ_D_10,AAGCGCAA,TACCGGAT
QQ_E_10,ATCGAAGG,TACCTTGC
QQ_F_10,TCACACAG,TCCTACGT
QQ_G_10,ACTGGTGT,TCACAGAC
QQ_H_10,CACAGAGA,TGGAGATG
QQ_A_11,GTGTAGTC,GAACGTTC
QQ_B_11,GTGAGACA,TGGAAGGT
QQ_C_11,TTCCTTCC,ATCCTTCG
QQ_D_11,AAGCGCAA,CAAGAGGT
QQ_E_11,ATCGAAGG,GAGATCAG
QQ_F_11,TCACACAG,GCATGCTA
QQ_G_11,ACTGGTGT,ACCTCTAC
QQ_H_11,CACAGAGA,ATGGCGTT
QQ_A_12,GTGTAGTC,TCGTAGGT
QQ_B_12,GTGAGACA,TAGCTACG
QQ_C_12,TTCCTTCC,GTACGAAG
QQ_D_12,AAGCGCAA,AACCATCG
QQ_E_12,ATCGAAGG,ACAGCAGA
QQ_F_12,TCACACAG,TACCGCTT
QQ_G_12,ACTGGTGT,GAGTAGAC
QQ_H_12,CACAGAGA,ATGCGGAA
RR_A_01,CAACGTAC,GTGTCTCT
RR_B_01,GGATGGTA,AGCAAGGT
RR_C_01,GTGAAGAC,GGTAGCAA
RR_D_01,ACAGACAG,AGGTGATG
RR_E_01,AGCTAGCT,CTGTACTC
RR_F_01,GTCTCTGT,GCATGGAA
RR_G_01,GCTACCAA,CGTTCGTT
RR_H_01,AGTCTCTC,GTTGGTAC
RR_A_02,CAACGTAC,TAGGAACG
RR_B_02,GGATGGTA,GTCACACA
RR_C_02,GTGAAGAC,GTCTACTC
RR_D_02,ACAGACAG,CTAGGTTG
RR_E_02,AGCTAGCT,CGAACGAA
RR_F_02,GTCTCTGT,CTTGCTTG
RR_G_02,GCTACCAA,GGAACGAT
RR_H_02,AGTCTCTC,GACAGAGT
RR_A_03,CAACGTAC,ATCCTAGG
RR_B_03,GGATGGTA,CTCTCACA
RR_C_03,GTGAAGAC,CTACCAAG
RR_D_03,ACAGACAG,GTACTGGT
RR_E_03,AGCTAGCT,TGCACATG
RR_F_03,GTCTCTGT,CACAGTCA
RR_G_03,GCTACCAA,CTAGGTAC
RR_H_03,AGTCTCTC,GGTTGGTT
RR_A_04,CAACGTAC,ATAAGCGG
RR_B_04,GGATGGTA,GTTGCTTC
RR_C_04,GTGAAGAC,AGGTACGA
RR_D_04,ACAGACAG,TCTCTCTC
RR_E_04,AGCTAGCT,TGTCGACA
RR_F_04,GTCTCTGT,TGCTGTAG
RR_G_04,GCTACCAA,AGAGACAC
RR_H_04,AGTCTCTC,GCATCCTT
RR_A_05,CAACGTAC,AGGTCTAC
RR_B_05,GGATGGTA,CAGTGAGA
RR_C_05,GTGAAGAC,GCAACGTT
RR_D_05,ACAGACAG,TGGTTCCT
RR_E_05,AGCTAGCT,ATGCAACC
RR_F_05,GTCTCTGT,CTAGCAAC
RR_G_05,GCTACCAA,GACATCTG
RR_H_05,AGTCTCTC,CAACTCCT
RR_A_06,CAACGTAC,TCTGACTC
RR_B_06,GGATGGTA,GACTACAC
RR_C_06,GTGAAGAC,TGTGCTCT
RR_D_06,ACAGACAG,GTGTTGTG
RR_E_06,AGCTAGCT,ATGGATCC
RR_F_06,GTCTCTGT,TCACTCAC
RR_G_06,GCTACCAA,TCTCAGTC
RR_H_06,AGTCTCTC,GTGACAGA
RR_A_07,CAACGTAC,AACCGGAA
RR_B_07,GGATGGTA,CCATGCAA
RR_C_07,GTGAAGAC,GAACCAAG
RR_D_07,ACAGACAG,AGTGTGTC
RR_E_07,AGCTAGCT,TGGAGAAC
RR_F_07,GTCTCTGT,TAGGATGG
RR_G_07,GCTACCAA,TTCCGGAA
RR_H_07,AGTCTCTC,ATTAGGCC
RR_A_08,CAACGTAC,CGTTGGTA
RR_B_08,GGATGGTA,TTCCTACG
RR_C_08,GTGAAGAC,TCAGTGTG
RR_D_08,ACAGACAG,TCACCTCA
RR_E_08,AGCTAGCT,GAGTTCAC
RR_F_08,GTCTCTGT,TCGAGTAC
RR_G_08,GCTACCAA,TCCACAAG
RR_H_08,AGTCTCTC,CAAGGTAG
RR_A_09,CAACGTAC,AGCTTGGT
RR_B_09,GGATGGTA,CGTTCCTA
RR_C_09,GTGAAGAC,TCCTTGCA
RR_D_09,ACAGACAG,GCATATGC
RR_E_09,AGCTAGCT,AGCAGAAC
RR_F_09,GTCTCTGT,GTGATCTG
RR_G_09,GCTACCAA,TTCCGCTA
RR_H_09,AGTCTCTC,AATTGCCG
RR_A_10,CAACGTAC,ACTCTCAC
RR_B_10,GGATGGTA,CCTAGCAA
RR_C_10,GTGAAGAC,CATCTGCT
RR_D_10,ACAGACAG,TACCGGAT
RR_E_10,AGCTAGCT,TACCTTGC
RR_F_10,GTCTCTGT,TCCTACGT
RR_G_10,GCTACCAA,TCACAGAC
RR_H_10,AGTCTCTC,TGGAGATG
RR_A_11,CAACGTAC,GAACGTTC
RR_B_11,GGATGGTA,TGGAAGGT
RR_C_11,GTGAAGAC,ATCCTTCG
RR_D_11,ACAGACAG,CAAGAGGT
RR_E_11,AGCTAGCT,GAGATCAG
RR_F_11,GTCTCTGT,GCATGCTA
RR_G_11,GCTACCAA,ACCTCTAC
RR_H_11,AGTCTCTC,ATGGCGTT
RR_A_12,CAACGTAC,TCGTAGGT
RR_B_12,GGATGGTA,TAGCTACG
RR_C_12,GTGAAGAC,GTACGAAG
RR_D_12,ACAGACAG,AACCATCG
RR_E_12,AGCTAGCT,ACAGCAGA
RR_F_12,GTCTCTGT,TACCGCTT
RR_G_12,GCTACCAA,GAGTAGAC
RR_H_12,AGTCTCTC,ATGCGGAA
